ID,CCTV_ID,WAKTU_MASUK,JENIS_KEND,FILE_GAMBAR
1,SBYBAP-CAM-A008-A,2026-10-06 10:43:49,MOTOR,capture/SBYBAP-CAM-A008-A/motor/2026-10-06/104349_ID1_track10.jpg
2,SBYBAP-CAM-A008-A,2026-10-06 10:44:06,MOTOR,capture/SBYBAP-CAM-A008-A/motor/2026-10-06/104406_ID2_track26.jpg
3,SBYBAP-CAM-A008-A,2026-10-06 10:44:35,MOTOR,capture/SBYBAP-CAM-A008-A/motor/2026-10-06/104435_ID3_track2900.jpg
4,SBYBAP-CAM-A008-A,2026-10-06 10:47:16,MOTOR,capture/SBYBAP-CAM-A008-A/motor/2026-10-06/104716_ID4_track9500.jpg
5,SBYBAP-CAM-A008-A,2026-10-06 10:48:15,MOTOR,capture/SBYBAP-CAM-A008-A/motor/2026-10-06/104815_ID5_track8505.jpg
6,SBYBAP-CAM-A008-A,2026-10-06 10:50:07,MOTOR,capture/SBYBAP-CAM-A008-A/motor/2026-10-06/105007_ID6_track3912.jpg
7,SBYBAP-CAM-A008-A,2026-10-06 10:51:40,MOTOR,capture/SBYBAP-CAM-A008-A/motor/2026-10-06/105140_ID7_track13354.jpg
8,SBYBAP-CAM-A008-A,2026-10-06 10:57:03,MOTOR,capture/SBYBAP-CAM-A008-A/motor/2026-10-06/105703_ID8_track25190.jpg
9,SBYBAP-CAM-A008-A,2026-10-06 10:57:28,MOTOR,capture/SBYBAP-CAM-A008-A/motor/2026-10-06/105728_ID9_track27528.jpg
10,SBYBAP-CAM-A008-A,2026-10-06 10:57:36,MOTOR,capture/SBYBAP-CAM-A008-A/motor/2026-10-06/105736_ID10_track22941.jpg
11,SBYBAP-CAM-A008-A,2026-10-06 11:00:51,MOTOR,capture/SBYBAP-CAM-A008-A/motor/2026-10-06/110051_ID11_track32327.jpg
12,SBYBAP-CAM-A008-A,2026-10-06 11:01:19,MOTOR,capture/SBYBAP-CAM-A008-A/motor/2026-10-06/110119_ID12_track34174.jpg
13,SBYBAP-CAM-A008-A,2026-10-06 11:01:29,MOTOR,capture/SBYBAP-CAM-A008-A/motor/2026-10-06/110129_ID13_track32457.jpg
14,SBYBAP-CAM-A008-A,2026-10-06 11:01:46,MOTOR,capture/SBYBAP-CAM-A008-A/motor/2026-10-06/110146_ID14_track27689.jpg
15,SBYBAP-CAM-A008-A,2026-10-06 11:01:47,MOTOR,capture/SBYBAP-CAM-A008-A/motor/2026-10-06/110147_ID15_track37833.jpg
16,SBYBAP-CAM-A008-A,2026-10-06 11:03:35,MOTOR,capture/SBYBAP-CAM-A008-A/motor/2026-10-06/110335_ID16_track46481.jpg
17,SBYBAP-CAM-A008-A,2026-10-06 11:03:55,MOTOR,capture/SBYBAP-CAM-A008-A/motor/2026-10-06/110355_ID17_track47664.jpg
18,SBYBAP-CAM-A008-A,2026-10-06 11:06:17,MOTOR,capture/SBYBAP-CAM-A008-A/motor/2026-10-06/110617_ID18_track58653.jpg
19,SBYBAP-CAM-A008-A,2026-10-06 11:06:37,MOBIL,capture/SBYBAP-CAM-A008-A/car/2026-10-06/110637_ID19_track5.jpg
20,SBYBAP-CAM-A008-A,2026-10-06 11:07:35,MOTOR,capture/SBYBAP-CAM-A008-A/motor/2026-10-06/110735_ID20_track65677.jpg
21,SBYBAP-CAM-A008-A,2026-10-06 11:07:46,MOTOR,capture/SBYBAP-CAM-A008-A/motor/2026-10-06/110746_ID21_track67509.jpg
22,SBYBAP-CAM-A008-A,2026-10-06 11:07:51,MOTOR,capture/SBYBAP-CAM-A008-A/motor/2026-10-06/110751_ID22_track66690.jpg
23,SBYBAP-CAM-A008-A,2026-10-06 11:08:25,MOTOR,capture/SBYBAP-CAM-A008-A/motor/2026-10-06/110825_ID23_track71329.jpg
24,SBYBAP-CAM-A008-A,2026-10-06 11:08:58,MOTOR,capture/SBYBAP-CAM-A008-A/motor/2026-10-06/110858_ID24_track75048.jpg
25,SBYBAP-CAM-A008-A,2026-10-06 11:18:03,MOTOR,capture/SBYBAP-CAM-A008-A/motor/2026-10-06/111803_ID25_track62751.jpg
26,SBYBAP-CAM-A008-A,2026-10-06 11:18:34,MOTOR,capture/SBYBAP-CAM-A008-A/motor/2026-10-06/111834_ID26_track79371.jpg
27,SBYBAP-CAM-A008-A,2026-10-06 11:24:57,MOTOR,capture/SBYBAP-CAM-A008-A/motor/2026-10-06/112457_ID27_track83312.jpg
28,SBYBAP-CAM-A008-A,2026-10-06 11:27:01,MOTOR,capture/SBYBAP-CAM-A008-A/motor/2026-10-06/112701_ID28_track81876.jpg
29,SBYBAP-CAM-A008-A,2026-10-06 11:29:00,MOTOR,capture/SBYBAP-CAM-A008-A/motor/2026-10-06/112900_ID29_track86505.jpg
30,SBYBAP-CAM-A008-A,2026-10-06 11:31:02,MOTOR,capture/SBYBAP-CAM-A008-A/motor/2026-10-06/113102_ID30_track84407.jpg
31,SBYBAP-CAM-A008-A,2026-10-06 11:35:08,MOTOR,capture/SBYBAP-CAM-A008-A/motor/2026-10-06/113508_ID31_track96973.jpg
32,SBYBAP-CAM-A008-A,2026-10-06 11:40:54,MOTOR,capture/SBYBAP-CAM-A008-A/motor/2026-10-06/114054_ID32_track107818.jpg
33,SBYBAP-CAM-A008-A,2026-10-06 11:42:45,MOTOR,capture/SBYBAP-CAM-A008-A/motor/2026-10-06/114245_ID33_track113561.jpg
34,SBYBAP-CAM-A008-A,2026-10-06 11:44:17,MOTOR,capture/SBYBAP-CAM-A008-A/motor/2026-10-06/114417_ID34_track121584.jpg
35,SBYBAP-CAM-A008-A,2026-10-06 11:44:29,MOTOR,capture/SBYBAP-CAM-A008-A/motor/2026-10-06/114429_ID35_track122853.jpg
36,SBYBAP-CAM-A008-A,2026-10-06 11:44:54,MOTOR,capture/SBYBAP-CAM-A008-A/motor/2026-10-06/114454_ID36_track125309.jpg
37,SBYBAP-CAM-A008-A,2026-10-06 11:45:09,MOTOR,capture/SBYBAP-CAM-A008-A/motor/2026-10-06/114509_ID37_track127402.jpg
38,SBYBAP-CAM-A008-A,2026-10-06 11:45:38,MOTOR,capture/SBYBAP-CAM-A008-A/motor/2026-10-06/114538_ID38_track127665.jpg
39,SBYBAP-CAM-A008-A,2026-10-06 11:46:43,MOTOR,capture/SBYBAP-CAM-A008-A/motor/2026-10-06/114643_ID39_track124058.jpg
40,SBYBAP-CAM-A008-A,2026-10-06 11:49:30,MOTOR,capture/SBYBAP-CAM-A008-A/motor/2026-10-06/114930_ID40_track136694.jpg
41,SBYBAP-CAM-A008-A,2026-10-06 11:49:34,MOTOR,capture/SBYBAP-CAM-A008-A/motor/2026-10-06/114934_ID41_track139893.jpg
42,SBYBAP-CAM-A008-A,2026-10-06 11:52:16,MOTOR,capture/SBYBAP-CAM-A008-A/motor/2026-10-06/115216_ID42_track144054.jpg
43,SBYBAP-CAM-A008-A,2026-10-06 11:54:40,MOTOR,capture/SBYBAP-CAM-A008-A/motor/2026-10-06/115440_ID43_track148068.jpg
44,SBYBAP-CAM-A008-A,2026-10-06 11:54:40,MOTOR,capture/SBYBAP-CAM-A008-A/motor/2026-10-06/115440_ID44_track150566.jpg
45,SBYBAP-CAM-A008-A,2026-10-06 11:55:16,MOTOR,capture/SBYBAP-CAM-A008-A/motor/2026-10-06/115516_ID45_track154816.jpg
46,SBYBAP-CAM-A008-A,2026-10-06 11:56:15,MOTOR,capture/SBYBAP-CAM-A008-A/motor/2026-10-06/115615_ID46_track157482.jpg
47,SBYBAP-CAM-A008-A,2026-10-06 11:56:33,MOTOR,capture/SBYBAP-CAM-A008-A/motor/2026-10-06/115633_ID47_track163215.jpg
48,SBYBAP-CAM-A008-A,2026-10-06 11:56:35,MOTOR,capture/SBYBAP-CAM-A008-A/motor/2026-10-06/115635_ID48_track164262.jpg
49,SBYBAP-CAM-A008-A,2026-10-06 11:57:18,MOTOR,capture/SBYBAP-CAM-A008-A/motor/2026-10-06/115718_ID49_track162062.jpg
50,SBYBAP-CAM-A008-A,2026-10-06 11:57:57,MOTOR,capture/SBYBAP-CAM-A008-A/motor/2026-10-06/115757_ID50_track168470.jpg
51,SBYBAP-CAM-A008-A,2026-10-06 11:58:40,MOBIL,capture/SBYBAP-CAM-A008-A/car/2026-10-06/115840_ID51_track158888.jpg
52,SBYBAP-CAM-A008-A,2026-10-06 11:59:24,MOTOR,capture/SBYBAP-CAM-A008-A/motor/2026-10-06/115924_ID52_track180686.jpg
53,SBYBAP-CAM-A008-A,2026-10-06 12:00:20,MOTOR,capture/SBYBAP-CAM-A008-A/motor/2026-10-06/120020_ID53_track185125.jpg
54,SBYBAP-CAM-A008-A,2026-10-06 12:00:50,MOTOR,capture/SBYBAP-CAM-A008-A/motor/2026-10-06/120050_ID54_track188275.jpg
55,SBYBAP-CAM-A008-A,2026-10-06 12:00:50,MOTOR,capture/SBYBAP-CAM-A008-A/motor/2026-10-06/120050_ID55_track190180.jpg
56,SBYBAP-CAM-A008-A,2026-10-06 12:01:56,MOBIL,capture/SBYBAP-CAM-A008-A/car/2026-10-06/120156_ID56_track197143.jpg
57,SBYBAP-CAM-A008-A,2026-10-06 12:02:10,MOTOR,capture/SBYBAP-CAM-A008-A/motor/2026-10-06/120210_ID57_track199982.jpg
58,SBYBAP-CAM-A008-A,2026-10-06 12:02:12,MOTOR,capture/SBYBAP-CAM-A008-A/motor/2026-10-06/120212_ID58_track192177.jpg
59,SBYBAP-CAM-A008-A,2026-10-06 12:02:23,MOTOR,capture/SBYBAP-CAM-A008-A/motor/2026-10-06/120223_ID59_track200319.jpg
60,SBYBAP-CAM-A008-A,2026-10-06 12:02:25,MOTOR,capture/SBYBAP-CAM-A008-A/motor/2026-10-06/120225_ID60_track201509.jpg
61,SBYBAP-CAM-A008-A,2026-10-06 12:02:30,MOTOR,capture/SBYBAP-CAM-A008-A/motor/2026-10-06/120230_ID61_track202007.jpg
62,SBYBAP-CAM-A008-A,2026-10-06 12:02:39,MOTOR,capture/SBYBAP-CAM-A008-A/motor/2026-10-06/120239_ID62_track202994.jpg
63,SBYBAP-CAM-A008-A,2026-10-06 12:02:51,MOTOR,capture/SBYBAP-CAM-A008-A/motor/2026-10-06/120251_ID63_track205743.jpg
64,SBYBAP-CAM-A008-A,2026-10-06 12:03:01,MOTOR,capture/SBYBAP-CAM-A008-A/motor/2026-10-06/120301_ID64_track206327.jpg
65,SBYBAP-CAM-A008-A,2026-10-06 12:03:02,MOTOR,capture/SBYBAP-CAM-A008-A/motor/2026-10-06/120302_ID65_track206929.jpg
66,SBYBAP-CAM-A008-A,2026-10-06 12:03:19,MOTOR,capture/SBYBAP-CAM-A008-A/motor/2026-10-06/120319_ID66_track210373.jpg
67,SBYBAP-CAM-A008-A,2026-10-06 12:03:23,MOTOR,capture/SBYBAP-CAM-A008-A/motor/2026-10-06/120323_ID67_track209310.jpg
68,SBYBAP-CAM-A008-A,2026-10-06 12:03:46,MOTOR,capture/SBYBAP-CAM-A008-A/motor/2026-10-06/120346_ID68_track213777.jpg
69,SBYBAP-CAM-A008-A,2026-10-06 12:06:35,MOTOR,capture/SBYBAP-CAM-A008-A/motor/2026-10-06/120635_ID69_track215572.jpg
70,SBYBAP-CAM-A008-A,2026-10-06 12:08:37,MOTOR,capture/SBYBAP-CAM-A008-A/motor/2026-10-06/120837_ID70_track234340.jpg
71,SBYBAP-CAM-A008-A,2026-10-06 12:12:25,MOTOR,capture/SBYBAP-CAM-A008-A/motor/2026-10-06/121225_ID71_track241569.jpg
72,SBYBAP-CAM-A008-A,2026-10-06 12:13:30,MOTOR,capture/SBYBAP-CAM-A008-A/motor/2026-10-06/121330_ID72_track243557.jpg
73,SBYBAP-CAM-A008-A,2026-10-06 12:13:35,MOTOR,capture/SBYBAP-CAM-A008-A/motor/2026-10-06/121335_ID73_track247095.jpg
74,SBYBAP-CAM-A008-A,2026-10-06 12:14:05,MOTOR,capture/SBYBAP-CAM-A008-A/motor/2026-10-06/121405_ID74_track250311.jpg
75,SBYBAP-CAM-A008-A,2026-10-06 12:14:13,MOTOR,capture/SBYBAP-CAM-A008-A/motor/2026-10-06/121413_ID75_track250169.jpg
76,SBYBAP-CAM-A008-A,2026-10-06 12:52:23,MOTOR,capture/SBYBAP-CAM-A008-A/motor/2026-10-06/125223_ID76_track73.jpg
77,SBYBAP-CAM-A008-A,2026-10-06 12:52:54,MOTOR,capture/SBYBAP-CAM-A008-A/motor/2026-10-06/125254_ID77_track1998.jpg
78,SBYBAP-CAM-A008-A,2026-10-06 12:52:57,MOTOR,capture/SBYBAP-CAM-A008-A/motor/2026-10-06/125257_ID78_track2117.jpg
79,SBYBAP-CAM-A008-A,2026-10-06 12:55:02,MOTOR,capture/SBYBAP-CAM-A008-A/motor/2026-10-06/125502_ID79_track569.jpg
80,SBYBAP-CAM-A008-A,2026-10-06 13:00:45,MOTOR,capture/SBYBAP-CAM-A008-A/motor/2026-10-06/130045_ID80_track1461.jpg
81,SBYBAP-CAM-A008-A,2026-10-06 13:00:49,MOTOR,capture/SBYBAP-CAM-A008-A/motor/2026-10-06/130049_ID81_track1862.jpg
82,SBYBAP-CAM-A008-A,2026-10-06 13:01:46,MOTOR,capture/SBYBAP-CAM-A008-A/motor/2026-10-06/130146_ID82_track3929.jpg
83,SBYBAP-CAM-A008-A,2026-10-06 13:01:54,MOTOR,capture/SBYBAP-CAM-A008-A/motor/2026-10-06/130154_ID83_track2477.jpg
84,SBYBAP-CAM-A008-A,2026-10-06 13:02:06,MOTOR,capture/SBYBAP-CAM-A008-A/motor/2026-10-06/130206_ID84_track4242.jpg
85,SBYBAP-CAM-A008-A,2026-10-06 13:02:14,MOTOR,capture/SBYBAP-CAM-A008-A/motor/2026-10-06/130214_ID85_track2819.jpg
86,SBYBAP-CAM-A008-A,2026-10-06 13:02:37,MOTOR,capture/SBYBAP-CAM-A008-A/motor/2026-10-06/130237_ID86_track5382.jpg
87,SBYBAP-CAM-A008-A,2026-10-06 13:02:46,MOTOR,capture/SBYBAP-CAM-A008-A/motor/2026-10-06/130246_ID87_track5976.jpg
88,SBYBAP-CAM-A008-A,2026-10-06 13:02:59,MOTOR,capture/SBYBAP-CAM-A008-A/motor/2026-10-06/130259_ID88_track33.jpg
89,SBYBAP-CAM-A008-A,2026-10-06 13:28:11,MOTOR,capture/SBYBAP-CAM-A008-A/motor/2026-10-06/132811_ID89_track13.jpg
90,SBYBAP-CAM-A008-A,2026-10-06 13:29:11,MOTOR,capture/SBYBAP-CAM-A008-A/motor/2026-10-06/132911_ID90_track951.jpg
91,SBYBAP-CAM-A008-A,2026-10-06 13:29:21,MOTOR,capture/SBYBAP-CAM-A008-A/motor/2026-10-06/132921_ID91_track1141.jpg
92,SBYBAP-CAM-A008-A,2026-10-06 13:29:26,MOTOR,capture/SBYBAP-CAM-A008-A/motor/2026-10-06/132926_ID92_track182.jpg
93,SBYBAP-CAM-A008-A,2026-10-06 13:29:43,MOTOR,capture/SBYBAP-CAM-A008-A/motor/2026-10-06/132943_ID93_track1388.jpg
94,SBYBAP-CAM-A008-A,2026-10-06 13:30:11,MOTOR,capture/SBYBAP-CAM-A008-A/motor/2026-10-06/133011_ID94_track1707.jpg
95,SBYBAP-CAM-A008-A,2026-10-06 13:31:22,MOTOR,capture/SBYBAP-CAM-A008-A/motor/2026-10-06/133122_ID95_track2662.jpg
96,SBYBAP-CAM-A008-A,2026-10-06 13:31:25,MOTOR,capture/SBYBAP-CAM-A008-A/motor/2026-10-06/133125_ID96_track2735.jpg
97,SBYBAP-CAM-A008-A,2026-10-06 13:31:31,MOTOR,capture/SBYBAP-CAM-A008-A/motor/2026-10-06/133131_ID97_track24.jpg
98,SBYBAP-CAM-A008-A,2026-10-06 13:36:10,MOTOR,capture/SBYBAP-CAM-A008-A/motor/2026-10-06/133610_ID98_track3306.jpg
