waktu,sumber,kejadian,durasi_terhubung_detik,downtime_sebelumnya_detik,detail
2026-10-06 10:42:56,a02e5078-df7c-49da-91d8-3149b5bde589,terhubung,,,
2026-10-06 10:46:36,a02e5078-df7c-49da-91d8-3149b5bde589,terputus,220.2,,Stream terputus / frame tidak terbaca
2026-10-06 10:46:44,a02e5078-df7c-49da-91d8-3149b5bde589,gagal_buka,,,"backend=0 tidak berhasil membuka URL; HTTP 429, content-type=text/html, final_url=https://panel.jastrak.id/api/video-stream?token=5iSRXldsz0rIbKV5R6Tf8Yvfsn1N8BRdS1mL6kFJxfzvDpX6reLfZdJxoTkKEr6M"
2026-10-06 10:46:56,a02e5078-df7c-49da-91d8-3149b5bde589,gagal_buka,,,"backend=0 tidak berhasil membuka URL; HTTP 429, content-type=text/html, final_url=https://panel.jastrak.id/api/video-stream?token=aYj1yaKQeixRX9yYiYm5ACCvl0bBIIxKqixYRzfdtVB2GYWqZI6bxQobDdlluMRi"
2026-10-06 10:47:05,a02e5078-df7c-49da-91d8-3149b5bde589,terhubung,,29.0,
2026-10-06 10:47:48,a02e5078-df7c-49da-91d8-3149b5bde589,terputus,42.7,,Stream terputus / frame tidak terbaca
2026-10-06 10:47:55,a02e5078-df7c-49da-91d8-3149b5bde589,gagal_buka,,,"backend=0 tidak berhasil membuka URL; HTTP 429, content-type=text/html, final_url=https://panel.jastrak.id/api/video-stream?token=K5LPDAueJPOCuQTuPVDbLE80Dqqn1SPOT3M4bNVM4utwr4UDd6uw3gDHgAfAypdl"
2026-10-06 10:48:06,a02e5078-df7c-49da-91d8-3149b5bde589,gagal_buka,,,"backend=0 tidak berhasil membuka URL; HTTP 401, content-type=application/json, final_url=https://panel.jastrak.id/api/video-stream?token=K5LPDAueJPOCuQTuPVDbLE80Dqqn1SPOT3M4bNVM4utwr4UDd6uw3gDHgAfAypdl"
2026-10-06 10:48:13,a02e5078-df7c-49da-91d8-3149b5bde589,terhubung,,25.4,
2026-10-06 10:48:31,a02e5078-df7c-49da-91d8-3149b5bde589,terputus,17.2,,Stream terputus / frame tidak terbaca
2026-10-06 10:48:38,a02e5078-df7c-49da-91d8-3149b5bde589,gagal_buka,,,"backend=0 tidak berhasil membuka URL; HTTP 429, content-type=text/html, final_url=https://panel.jastrak.id/api/video-stream?token=EHKQo2sQJrYE2pSwlbnYX4PWeT6KBfmD5jvWICc4qqJa4bi8V7OgHHMoIcz6D1Rl"
2026-10-06 10:48:49,a02e5078-df7c-49da-91d8-3149b5bde589,gagal_buka,,,"backend=0 tidak berhasil membuka URL; HTTP 429, content-type=text/html, final_url=https://panel.jastrak.id/api/video-stream?token=EHKQo2sQJrYE2pSwlbnYX4PWeT6KBfmD5jvWICc4qqJa4bi8V7OgHHMoIcz6D1Rl"
2026-10-06 10:48:58,a02e5078-df7c-49da-91d8-3149b5bde589,gagal_buka,,,"backend=0 tidak berhasil membuka URL; HTTP 429, content-type=text/html, final_url=https://panel.jastrak.id/api/video-stream?token=MzmPwLaFPD56DayyWhc2WAa9Q3mI162NeA2i79vhavWgEAN7pamUFOcOYrjHv67B"
2026-10-06 10:49:07,a02e5078-df7c-49da-91d8-3149b5bde589,gagal_buka,,,"backend=0 tidak berhasil membuka URL; HTTP 401, content-type=application/json, final_url=https://panel.jastrak.id/api/video-stream?token=MzmPwLaFPD56DayyWhc2WAa9Q3mI162NeA2i79vhavWgEAN7pamUFOcOYrjHv67B"
2026-10-06 10:49:18,a02e5078-df7c-49da-91d8-3149b5bde589,gagal_buka,,,"backend=0 tidak berhasil membuka URL; HTTP 429, content-type=text/html, final_url=https://panel.jastrak.id/api/video-stream?token=MzmPwLaFPD56DayyWhc2WAa9Q3mI162NeA2i79vhavWgEAN7pamUFOcOYrjHv67B"
2026-10-06 10:49:28,a02e5078-df7c-49da-91d8-3149b5bde589,gagal_buka,,,"backend=0 tidak berhasil membuka URL; HTTP 429, content-type=text/html, final_url=https://panel.jastrak.id/api/video-stream?token=FBYTqTJBrGYFTaKJvKyy0USEaykLOCABQkOdXpQgOF5Jrza9jVCB0F5piaVxJruC"
2026-10-06 10:49:36,a02e5078-df7c-49da-91d8-3149b5bde589,gagal_buka,,,"backend=0 tidak berhasil membuka URL; HTTP 429, content-type=text/html, final_url=https://panel.jastrak.id/api/video-stream?token=FBYTqTJBrGYFTaKJvKyy0USEaykLOCABQkOdXpQgOF5Jrza9jVCB0F5piaVxJruC"
2026-10-06 10:49:48,a02e5078-df7c-49da-91d8-3149b5bde589,gagal_buka,,,"backend=0 tidak berhasil membuka URL; HTTP 429, content-type=text/html, final_url=https://panel.jastrak.id/api/video-stream?token=FBYTqTJBrGYFTaKJvKyy0USEaykLOCABQkOdXpQgOF5Jrza9jVCB0F5piaVxJruC"
2026-10-06 10:49:57,a02e5078-df7c-49da-91d8-3149b5bde589,gagal_buka,,,"backend=0 tidak berhasil membuka URL; HTTP 429, content-type=text/html, final_url=https://panel.jastrak.id/api/video-stream?token=K6b08wTUtOmBhqZmqj2O2w3fnNQLa45l1OlGSwEQjGQHRwgw5XcDtnQIiIZdUUKE"
2026-10-06 10:50:05,a02e5078-df7c-49da-91d8-3149b5bde589,terhubung,,94.5,
2026-10-06 10:50:24,a02e5078-df7c-49da-91d8-3149b5bde589,terputus,19.1,,Stream terputus / frame tidak terbaca
2026-10-06 10:50:32,a02e5078-df7c-49da-91d8-3149b5bde589,gagal_buka,,,"backend=0 tidak berhasil membuka URL; HTTP 429, content-type=text/html, final_url=https://panel.jastrak.id/api/video-stream?token=K6b08wTUtOmBhqZmqj2O2w3fnNQLa45l1OlGSwEQjGQHRwgw5XcDtnQIiIZdUUKE"
2026-10-06 10:50:43,a02e5078-df7c-49da-91d8-3149b5bde589,gagal_buka,,,"backend=0 tidak berhasil membuka URL; HTTP 429, content-type=text/html, final_url=https://panel.jastrak.id/api/video-stream?token=K6b08wTUtOmBhqZmqj2O2w3fnNQLa45l1OlGSwEQjGQHRwgw5XcDtnQIiIZdUUKE"
2026-10-06 10:50:52,a02e5078-df7c-49da-91d8-3149b5bde589,gagal_buka,,,"backend=0 tidak berhasil membuka URL; HTTP 429, content-type=text/html, final_url=https://panel.jastrak.id/api/video-stream?token=paOifERJN1z9DyaGMJZzpLaZrsudUMKlj5zA5R0rtqAFurWn1kvtihiEQBX2BMbi"
2026-10-06 10:51:00,a02e5078-df7c-49da-91d8-3149b5bde589,gagal_buka,,,"backend=0 tidak berhasil membuka URL; HTTP 429, content-type=text/html, final_url=https://panel.jastrak.id/api/video-stream?token=paOifERJN1z9DyaGMJZzpLaZrsudUMKlj5zA5R0rtqAFurWn1kvtihiEQBX2BMbi"
2026-10-06 10:51:08,a02e5078-df7c-49da-91d8-3149b5bde589,terhubung,,43.7,
2026-10-06 10:52:03,a02e5078-df7c-49da-91d8-3149b5bde589,terputus,54.5,,Stream terputus / frame tidak terbaca
2026-10-06 10:52:10,a02e5078-df7c-49da-91d8-3149b5bde589,gagal_buka,,,"backend=0 tidak berhasil membuka URL; HTTP 401, content-type=application/json, final_url=https://panel.jastrak.id/api/video-stream?token=paOifERJN1z9DyaGMJZzpLaZrsudUMKlj5zA5R0rtqAFurWn1kvtihiEQBX2BMbi"
2026-10-06 10:52:21,a02e5078-df7c-49da-91d8-3149b5bde589,gagal_buka,,,"backend=0 tidak berhasil membuka URL; HTTP 429, content-type=text/html, final_url=https://panel.jastrak.id/api/video-stream?token=paOifERJN1z9DyaGMJZzpLaZrsudUMKlj5zA5R0rtqAFurWn1kvtihiEQBX2BMbi"
2026-10-06 10:52:31,a02e5078-df7c-49da-91d8-3149b5bde589,gagal_buka,,,"backend=0 tidak berhasil membuka URL; HTTP 429, content-type=text/html, final_url=https://panel.jastrak.id/api/video-stream?token=U12uEPROVVijKrdMVgUe6XQLPyqLodBR9Qpi0iZL1Fg5rf8S6fwwh8U29ShLtXO4"
2026-10-06 10:52:39,a02e5078-df7c-49da-91d8-3149b5bde589,gagal_buka,,,"backend=0 tidak berhasil membuka URL; HTTP 429, content-type=text/html, final_url=https://panel.jastrak.id/api/video-stream?token=U12uEPROVVijKrdMVgUe6XQLPyqLodBR9Qpi0iZL1Fg5rf8S6fwwh8U29ShLtXO4"
2026-10-06 10:52:50,a02e5078-df7c-49da-91d8-3149b5bde589,gagal_buka,,,"backend=0 tidak berhasil membuka URL; HTTP 429, content-type=text/html, final_url=https://panel.jastrak.id/api/video-stream?token=U12uEPROVVijKrdMVgUe6XQLPyqLodBR9Qpi0iZL1Fg5rf8S6fwwh8U29ShLtXO4"
2026-10-06 10:53:00,a02e5078-df7c-49da-91d8-3149b5bde589,gagal_buka,,,"backend=0 tidak berhasil membuka URL; HTTP 429, content-type=text/html, final_url=https://panel.jastrak.id/api/video-stream?token=PVyui64Tqr9qwm44vlZKq5UujwgSOCjZnBnFaTDZsgLbRdYuBWel50RYNwz56q4K"
2026-10-06 10:53:10,a02e5078-df7c-49da-91d8-3149b5bde589,terhubung,,67.6,
2026-10-06 10:55:00,a02e5078-df7c-49da-91d8-3149b5bde589,terputus,109.4,,Stream terputus / frame tidak terbaca
2026-10-06 10:55:07,a02e5078-df7c-49da-91d8-3149b5bde589,gagal_buka,,,"backend=0 tidak berhasil membuka URL; HTTP 429, content-type=text/html, final_url=https://panel.jastrak.id/api/video-stream?token=PVyui64Tqr9qwm44vlZKq5UujwgSOCjZnBnFaTDZsgLbRdYuBWel50RYNwz56q4K"
2026-10-06 10:55:19,a02e5078-df7c-49da-91d8-3149b5bde589,gagal_buka,,,"backend=0 tidak berhasil membuka URL; HTTP 401, content-type=application/json, final_url=https://panel.jastrak.id/api/video-stream?token=PVyui64Tqr9qwm44vlZKq5UujwgSOCjZnBnFaTDZsgLbRdYuBWel50RYNwz56q4K"
2026-10-06 10:55:29,a02e5078-df7c-49da-91d8-3149b5bde589,gagal_buka,,,"backend=0 tidak berhasil membuka URL; HTTP 429, content-type=text/html, final_url=https://panel.jastrak.id/api/video-stream?token=G68mGwjCbx9Pm0ZGVnIcoMuYOPztoqPgAsTSBHnluP2Tm810V6csoys8qeGHNc8j"
2026-10-06 10:55:37,a02e5078-df7c-49da-91d8-3149b5bde589,gagal_buka,,,"backend=0 tidak berhasil membuka URL; HTTP 429, content-type=text/html, final_url=https://panel.jastrak.id/api/video-stream?token=G68mGwjCbx9Pm0ZGVnIcoMuYOPztoqPgAsTSBHnluP2Tm810V6csoys8qeGHNc8j"
2026-10-06 10:55:48,a02e5078-df7c-49da-91d8-3149b5bde589,gagal_buka,,,"backend=0 tidak berhasil membuka URL; HTTP 429, content-type=text/html, final_url=https://panel.jastrak.id/api/video-stream?token=G68mGwjCbx9Pm0ZGVnIcoMuYOPztoqPgAsTSBHnluP2Tm810V6csoys8qeGHNc8j"
2026-10-06 10:55:58,a02e5078-df7c-49da-91d8-3149b5bde589,gagal_buka,,,"backend=0 tidak berhasil membuka URL; HTTP 429, content-type=text/html, final_url=https://panel.jastrak.id/api/video-stream?token=OhiRDzNcBMLy6ETGxEahumylf95aT65gmzTb93ctCgLxjAUUEwbS8kItEndi9qNc"
2026-10-06 10:56:06,a02e5078-df7c-49da-91d8-3149b5bde589,gagal_buka,,,"backend=0 tidak berhasil membuka URL; HTTP 429, content-type=text/html, final_url=https://panel.jastrak.id/api/video-stream?token=OhiRDzNcBMLy6ETGxEahumylf95aT65gmzTb93ctCgLxjAUUEwbS8kItEndi9qNc"
2026-10-06 10:56:16,a02e5078-df7c-49da-91d8-3149b5bde589,terhubung,,76.0,
2026-10-06 10:57:51,a02e5078-df7c-49da-91d8-3149b5bde589,terputus,95.3,,Stream terputus / frame tidak terbaca
2026-10-06 10:57:58,a02e5078-df7c-49da-91d8-3149b5bde589,gagal_buka,,,"backend=0 tidak berhasil membuka URL; HTTP 429, content-type=text/html, final_url=https://panel.jastrak.id/api/video-stream?token=OhiRDzNcBMLy6ETGxEahumylf95aT65gmzTb93ctCgLxjAUUEwbS8kItEndi9qNc"
2026-10-06 10:58:09,a02e5078-df7c-49da-91d8-3149b5bde589,gagal_buka,,,"backend=0 tidak berhasil membuka URL; HTTP 429, content-type=text/html, final_url=https://panel.jastrak.id/api/video-stream?token=OhiRDzNcBMLy6ETGxEahumylf95aT65gmzTb93ctCgLxjAUUEwbS8kItEndi9qNc"
2026-10-06 10:58:16,a02e5078-df7c-49da-91d8-3149b5bde589,terhubung,,24.6,
2026-10-06 10:59:23,a02e5078-df7c-49da-91d8-3149b5bde589,terputus,67.4,,Stream terputus / frame tidak terbaca
2026-10-06 10:59:30,a02e5078-df7c-49da-91d8-3149b5bde589,gagal_buka,,,"backend=0 tidak berhasil membuka URL; HTTP 401, content-type=application/json, final_url=https://panel.jastrak.id/api/video-stream?token=ONfJIvSKFgqaqztqJ28FTG2YEHKJndDKvEaMT7lVPcWbF2nO8HjQis3iK2rULhJe"
2026-10-06 10:59:41,a02e5078-df7c-49da-91d8-3149b5bde589,gagal_buka,,,"backend=0 tidak berhasil membuka URL; HTTP 429, content-type=text/html, final_url=https://panel.jastrak.id/api/video-stream?token=ONfJIvSKFgqaqztqJ28FTG2YEHKJndDKvEaMT7lVPcWbF2nO8HjQis3iK2rULhJe"
2026-10-06 10:59:50,a02e5078-df7c-49da-91d8-3149b5bde589,gagal_buka,,,"backend=0 tidak berhasil membuka URL; HTTP 429, content-type=text/html, final_url=https://panel.jastrak.id/api/video-stream?token=uP9xvAowtgiWn5zEIYGvChArZepEA8YVxmKmbTHWR4w1tBk03cdjekRU5HNr3tre"
2026-10-06 10:59:59,a02e5078-df7c-49da-91d8-3149b5bde589,gagal_buka,,,"backend=0 tidak berhasil membuka URL; HTTP 429, content-type=text/html, final_url=https://panel.jastrak.id/api/video-stream?token=uP9xvAowtgiWn5zEIYGvChArZepEA8YVxmKmbTHWR4w1tBk03cdjekRU5HNr3tre"
2026-10-06 11:00:10,a02e5078-df7c-49da-91d8-3149b5bde589,gagal_buka,,,"backend=0 tidak berhasil membuka URL; HTTP 429, content-type=text/html, final_url=https://panel.jastrak.id/api/video-stream?token=uP9xvAowtgiWn5zEIYGvChArZepEA8YVxmKmbTHWR4w1tBk03cdjekRU5HNr3tre"
2026-10-06 11:00:19,a02e5078-df7c-49da-91d8-3149b5bde589,gagal_buka,,,"backend=0 tidak berhasil membuka URL; HTTP 429, content-type=text/html, final_url=https://panel.jastrak.id/api/video-stream?token=UPfjEFCUDMlchwcuM21w74K4SnRvSSHKW3C77ZMhU19AwT1u5F79YSFsTSNwrjjs"
2026-10-06 11:00:28,a02e5078-df7c-49da-91d8-3149b5bde589,terhubung,,65.4,
2026-10-06 11:04:14,a02e5078-df7c-49da-91d8-3149b5bde589,refresh_terjadwal,225.9,,
2026-10-06 11:04:19,a02e5078-df7c-49da-91d8-3149b5bde589,terhubung,,4.4,
2026-10-06 11:08:16,a02e5078-df7c-49da-91d8-3149b5bde589,refresh_terjadwal,237.2,,
2026-10-06 11:08:20,a02e5078-df7c-49da-91d8-3149b5bde589,terhubung,,4.6,
2026-10-06 11:09:24,a02e5078-df7c-49da-91d8-3149b5bde589,terputus,63.5,,Stream terputus / frame tidak terbaca
2026-10-06 11:09:31,a02e5078-df7c-49da-91d8-3149b5bde589,gagal_buka,,,"backend=0 tidak berhasil membuka URL; HTTP 429, content-type=text/html, final_url=https://panel.jastrak.id/api/video-stream?token=r9ikIqOCRr6pOrf3hdNtB2Rwlphs7VkC2mEX9eihfK0fQSn0ptmcTHeVi6kP77fP"
2026-10-06 11:09:42,a02e5078-df7c-49da-91d8-3149b5bde589,gagal_buka,,,"backend=0 tidak berhasil membuka URL; HTTP 429, content-type=text/html, final_url=https://panel.jastrak.id/api/video-stream?token=r9ikIqOCRr6pOrf3hdNtB2Rwlphs7VkC2mEX9eihfK0fQSn0ptmcTHeVi6kP77fP"
2026-10-06 11:09:52,a02e5078-df7c-49da-91d8-3149b5bde589,gagal_buka,,,"backend=0 tidak berhasil membuka URL; HTTP 429, content-type=text/html, final_url=https://panel.jastrak.id/api/video-stream?token=Ug2lNQCs0XaNQj9jSVQjhxpd27PUvvFSW0upQzyciBTnoedMSbUsEHiu60SOtxzU"
2026-10-06 11:10:00,a02e5078-df7c-49da-91d8-3149b5bde589,gagal_buka,,,"backend=0 tidak berhasil membuka URL; HTTP 429, content-type=text/html, final_url=https://panel.jastrak.id/api/video-stream?token=Ug2lNQCs0XaNQj9jSVQjhxpd27PUvvFSW0upQzyciBTnoedMSbUsEHiu60SOtxzU"
2026-10-06 11:10:12,a02e5078-df7c-49da-91d8-3149b5bde589,gagal_buka,,,"backend=0 tidak berhasil membuka URL; HTTP 429, content-type=text/html, final_url=https://panel.jastrak.id/api/video-stream?token=Ug2lNQCs0XaNQj9jSVQjhxpd27PUvvFSW0upQzyciBTnoedMSbUsEHiu60SOtxzU"
2026-10-06 11:10:21,a02e5078-df7c-49da-91d8-3149b5bde589,gagal_buka,,,"backend=0 tidak berhasil membuka URL; HTTP 429, content-type=text/html, final_url=https://panel.jastrak.id/api/video-stream?token=GS9Fbl1qTBhsgO2ZalqmxSUcErBMaosM0ha6DAeu63IFU2msLfc3qZmOGvd3FeSG"
2026-10-06 11:10:38,a02e5078-df7c-49da-91d8-3149b5bde589,gagal_buka,,,"backend=0 tidak berhasil membuka URL; HTTP 401, content-type=application/json, final_url=https://panel.jastrak.id/api/video-stream?token=GS9Fbl1qTBhsgO2ZalqmxSUcErBMaosM0ha6DAeu63IFU2msLfc3qZmOGvd3FeSG"
2026-10-06 11:10:50,a02e5078-df7c-49da-91d8-3149b5bde589,gagal_buka,,,"backend=0 tidak berhasil membuka URL; HTTP 429, content-type=text/html, final_url=https://panel.jastrak.id/api/video-stream?token=GS9Fbl1qTBhsgO2ZalqmxSUcErBMaosM0ha6DAeu63IFU2msLfc3qZmOGvd3FeSG"
2026-10-06 11:10:59,a02e5078-df7c-49da-91d8-3149b5bde589,gagal_buka,,,"backend=0 tidak berhasil membuka URL; HTTP 429, content-type=text/html, final_url=https://panel.jastrak.id/api/video-stream?token=OPMV3em58YHBFhTFPO6FZ5XNUxSEiHPp7jo2Rc5a3eLcMVu8UWMJ3LuKA2n7c36c"
2026-10-06 11:11:07,a02e5078-df7c-49da-91d8-3149b5bde589,gagal_buka,,,"backend=0 tidak berhasil membuka URL; HTTP 429, content-type=text/html, final_url=https://panel.jastrak.id/api/video-stream?token=OPMV3em58YHBFhTFPO6FZ5XNUxSEiHPp7jo2Rc5a3eLcMVu8UWMJ3LuKA2n7c36c"
2026-10-06 11:11:18,a02e5078-df7c-49da-91d8-3149b5bde589,gagal_buka,,,"backend=0 tidak berhasil membuka URL; HTTP 429, content-type=text/html, final_url=https://panel.jastrak.id/api/video-stream?token=OPMV3em58YHBFhTFPO6FZ5XNUxSEiHPp7jo2Rc5a3eLcMVu8UWMJ3LuKA2n7c36c"
2026-10-06 11:11:39,a02e5078-df7c-49da-91d8-3149b5bde589,gagal_buka,,,"backend=0 tidak berhasil membuka URL; HTTP 401, content-type=application/json, final_url=https://panel.jastrak.id/api/video-stream?token=gtnSl3zFNMufW5JQhxSwVVRfzEJe34UD6p9IaLVFS8OPRVNAsRQHAI2qq8lKq2oH"
2026-10-06 11:11:47,a02e5078-df7c-49da-91d8-3149b5bde589,gagal_buka,,,"backend=0 tidak berhasil membuka URL; HTTP 429, content-type=text/html, final_url=https://panel.jastrak.id/api/video-stream?token=gtnSl3zFNMufW5JQhxSwVVRfzEJe34UD6p9IaLVFS8OPRVNAsRQHAI2qq8lKq2oH"
2026-10-06 11:11:58,a02e5078-df7c-49da-91d8-3149b5bde589,gagal_buka,,,"backend=0 tidak berhasil membuka URL; HTTP 429, content-type=text/html, final_url=https://panel.jastrak.id/api/video-stream?token=gtnSl3zFNMufW5JQhxSwVVRfzEJe34UD6p9IaLVFS8OPRVNAsRQHAI2qq8lKq2oH"
2026-10-06 11:12:07,a02e5078-df7c-49da-91d8-3149b5bde589,gagal_buka,,,"backend=0 tidak berhasil membuka URL; HTTP 429, content-type=text/html, final_url=https://panel.jastrak.id/api/video-stream?token=m735HKE9VEGP0ibFcu2XjXCjhxqonmFMWVjY0SxO363TuSJkxurQv4gwyjKRW3nq"
2026-10-06 11:12:15,a02e5078-df7c-49da-91d8-3149b5bde589,gagal_buka,,,"backend=0 tidak berhasil membuka URL; HTTP 429, content-type=text/html, final_url=https://panel.jastrak.id/api/video-stream?token=m735HKE9VEGP0ibFcu2XjXCjhxqonmFMWVjY0SxO363TuSJkxurQv4gwyjKRW3nq"
2026-10-06 11:12:27,a02e5078-df7c-49da-91d8-3149b5bde589,gagal_buka,,,"backend=0 tidak berhasil membuka URL; HTTP 429, content-type=text/html, final_url=https://panel.jastrak.id/api/video-stream?token=m735HKE9VEGP0ibFcu2XjXCjhxqonmFMWVjY0SxO363TuSJkxurQv4gwyjKRW3nq"
2026-10-06 11:12:45,a02e5078-df7c-49da-91d8-3149b5bde589,gagal_buka,,,"backend=0 tidak berhasil membuka URL; HTTP 429, content-type=text/html, final_url=https://panel.jastrak.id/api/video-stream?token=fr1tXrywUQxueAISpgMvvq55ROqQBLJntKJR2OXsTKqSXL4ML6pQMp9o3Ovf0luN"
2026-10-06 11:12:53,a02e5078-df7c-49da-91d8-3149b5bde589,gagal_buka,,,"backend=0 tidak berhasil membuka URL; HTTP 429, content-type=text/html, final_url=https://panel.jastrak.id/api/video-stream?token=fr1tXrywUQxueAISpgMvvq55ROqQBLJntKJR2OXsTKqSXL4ML6pQMp9o3Ovf0luN"
2026-10-06 11:13:04,a02e5078-df7c-49da-91d8-3149b5bde589,gagal_buka,,,"backend=0 tidak berhasil membuka URL; HTTP 429, content-type=text/html, final_url=https://panel.jastrak.id/api/video-stream?token=fr1tXrywUQxueAISpgMvvq55ROqQBLJntKJR2OXsTKqSXL4ML6pQMp9o3Ovf0luN"
2026-10-06 11:13:14,a02e5078-df7c-49da-91d8-3149b5bde589,gagal_buka,,,"backend=0 tidak berhasil membuka URL; HTTP 429, content-type=text/html, final_url=https://panel.jastrak.id/api/video-stream?token=1mSlatxMPPRMJeO1YWH6fXXTHLuSbENUaZA58KKXYfrQT9dYndlEWoToPbd5DyV9"
2026-10-06 11:13:22,a02e5078-df7c-49da-91d8-3149b5bde589,gagal_buka,,,"backend=0 tidak berhasil membuka URL; HTTP 429, content-type=text/html, final_url=https://panel.jastrak.id/api/video-stream?token=1mSlatxMPPRMJeO1YWH6fXXTHLuSbENUaZA58KKXYfrQT9dYndlEWoToPbd5DyV9"
2026-10-06 11:13:43,a02e5078-df7c-49da-91d8-3149b5bde589,gagal_buka,,,"backend=0 tidak berhasil membuka URL; HTTP 401, content-type=application/json, final_url=https://panel.jastrak.id/api/video-stream?token=1mSlatxMPPRMJeO1YWH6fXXTHLuSbENUaZA58KKXYfrQT9dYndlEWoToPbd5DyV9"
2026-10-06 11:14:02,a02e5078-df7c-49da-91d8-3149b5bde589,gagal_buka,,,"backend=0 tidak berhasil membuka URL; HTTP 429, content-type=text/html, final_url=https://panel.jastrak.id/api/video-stream?token=uMtcD8TL1v4kXwY6aFfqSn71dsPuamrt1lmRldwPyYSywl7f1v9FsDJc3W3IMI7A"
2026-10-06 11:14:10,a02e5078-df7c-49da-91d8-3149b5bde589,gagal_buka,,,"backend=0 tidak berhasil membuka URL; HTTP 429, content-type=text/html, final_url=https://panel.jastrak.id/api/video-stream?token=uMtcD8TL1v4kXwY6aFfqSn71dsPuamrt1lmRldwPyYSywl7f1v9FsDJc3W3IMI7A"
2026-10-06 11:14:22,a02e5078-df7c-49da-91d8-3149b5bde589,gagal_buka,,,"backend=0 tidak berhasil membuka URL; HTTP 429, content-type=text/html, final_url=https://panel.jastrak.id/api/video-stream?token=uMtcD8TL1v4kXwY6aFfqSn71dsPuamrt1lmRldwPyYSywl7f1v9FsDJc3W3IMI7A"
2026-10-06 11:14:31,a02e5078-df7c-49da-91d8-3149b5bde589,gagal_buka,,,"backend=0 tidak berhasil membuka URL; HTTP 429, content-type=text/html, final_url=https://panel.jastrak.id/api/video-stream?token=6UiwzH2U6HWEeVeD5j3W3kNIcRL8WOGOb5HVHYO2caQpa9nIjomk33S5wHcEQS0M"
2026-10-06 11:14:49,a02e5078-df7c-49da-91d8-3149b5bde589,terhubung,,325.1,
2026-10-06 11:14:49,a02e5078-df7c-49da-91d8-3149b5bde589,terputus,0.0,,Stream terputus / frame tidak terbaca
2026-10-06 11:14:56,a02e5078-df7c-49da-91d8-3149b5bde589,gagal_buka,,,"backend=0 tidak berhasil membuka URL; HTTP 429, content-type=text/html, final_url=https://panel.jastrak.id/api/video-stream?token=6UiwzH2U6HWEeVeD5j3W3kNIcRL8WOGOb5HVHYO2caQpa9nIjomk33S5wHcEQS0M"
2026-10-06 11:15:07,a02e5078-df7c-49da-91d8-3149b5bde589,gagal_buka,,,"backend=0 tidak berhasil membuka URL; HTTP 429, content-type=text/html, final_url=https://panel.jastrak.id/api/video-stream?token=6UiwzH2U6HWEeVeD5j3W3kNIcRL8WOGOb5HVHYO2caQpa9nIjomk33S5wHcEQS0M"
2026-10-06 11:15:17,a02e5078-df7c-49da-91d8-3149b5bde589,gagal_buka,,,"backend=0 tidak berhasil membuka URL; HTTP 429, content-type=text/html, final_url=https://panel.jastrak.id/api/video-stream?token=0ClGz4bNRSEZHlY0F7xytZYwvLQhfe0IS7CdFotzi9HaDDuB45lwCPyN3g6ekSWx"
2026-10-06 11:15:25,a02e5078-df7c-49da-91d8-3149b5bde589,gagal_buka,,,"backend=0 tidak berhasil membuka URL; HTTP 429, content-type=text/html, final_url=https://panel.jastrak.id/api/video-stream?token=0ClGz4bNRSEZHlY0F7xytZYwvLQhfe0IS7CdFotzi9HaDDuB45lwCPyN3g6ekSWx"
2026-10-06 11:15:45,a02e5078-df7c-49da-91d8-3149b5bde589,gagal_buka,,,"backend=0 tidak berhasil membuka URL; HTTP 401, content-type=application/json, final_url=https://panel.jastrak.id/api/video-stream?token=0ClGz4bNRSEZHlY0F7xytZYwvLQhfe0IS7CdFotzi9HaDDuB45lwCPyN3g6ekSWx"
2026-10-06 11:16:08,a02e5078-df7c-49da-91d8-3149b5bde589,gagal_buka,,,"backend=0 tidak berhasil membuka URL; HTTP 429, content-type=text/html, final_url=https://panel.jastrak.id/api/video-stream?token=8fhQIBkNLxxlsQez71OgiJk6tX01XcLoYvKiReRmYVJCOIUq4DNEyWiON86AXdYT"
2026-10-06 11:16:16,a02e5078-df7c-49da-91d8-3149b5bde589,gagal_buka,,,"backend=0 tidak berhasil membuka URL; HTTP 429, content-type=text/html, final_url=https://panel.jastrak.id/api/video-stream?token=8fhQIBkNLxxlsQez71OgiJk6tX01XcLoYvKiReRmYVJCOIUq4DNEyWiON86AXdYT"
2026-10-06 11:16:27,a02e5078-df7c-49da-91d8-3149b5bde589,gagal_buka,,,"backend=0 tidak berhasil membuka URL; HTTP 429, content-type=text/html, final_url=https://panel.jastrak.id/api/video-stream?token=8fhQIBkNLxxlsQez71OgiJk6tX01XcLoYvKiReRmYVJCOIUq4DNEyWiON86AXdYT"
2026-10-06 11:16:38,a02e5078-df7c-49da-91d8-3149b5bde589,terhubung,,109.3,
2026-10-06 11:16:55,a02e5078-df7c-49da-91d8-3149b5bde589,terputus,16.4,,Stream terputus / frame tidak terbaca
2026-10-06 11:17:02,a02e5078-df7c-49da-91d8-3149b5bde589,gagal_buka,,,"backend=0 tidak berhasil membuka URL; HTTP 429, content-type=text/html, final_url=https://panel.jastrak.id/api/video-stream?token=oC6R42VD5ZmlHXKEXbD3JsevQUN2G3fe9r5H7vrswmtCkbgz43pnrVRWuM4UJz5D"
2026-10-06 11:17:13,a02e5078-df7c-49da-91d8-3149b5bde589,gagal_buka,,,"backend=0 tidak berhasil membuka URL; HTTP 429, content-type=text/html, final_url=https://panel.jastrak.id/api/video-stream?token=oC6R42VD5ZmlHXKEXbD3JsevQUN2G3fe9r5H7vrswmtCkbgz43pnrVRWuM4UJz5D"
2026-10-06 11:17:23,a02e5078-df7c-49da-91d8-3149b5bde589,gagal_buka,,,"backend=0 tidak berhasil membuka URL; HTTP 429, content-type=text/html, final_url=https://panel.jastrak.id/api/video-stream?token=GPlHGy3zgp2enTZAoT5sqsFALsLUj1ISsjTOwU1E8xAkh7hfmkdy14Dt5lD0Hpbd"
2026-10-06 11:17:31,a02e5078-df7c-49da-91d8-3149b5bde589,gagal_buka,,,"backend=0 tidak berhasil membuka URL; HTTP 429, content-type=text/html, final_url=https://panel.jastrak.id/api/video-stream?token=GPlHGy3zgp2enTZAoT5sqsFALsLUj1ISsjTOwU1E8xAkh7hfmkdy14Dt5lD0Hpbd"
2026-10-06 11:17:40,a02e5078-df7c-49da-91d8-3149b5bde589,terhubung,,45.7,
2026-10-06 11:19:01,a02e5078-df7c-49da-91d8-3149b5bde589,terputus,80.3,,Stream terputus / frame tidak terbaca
2026-10-06 11:19:08,a02e5078-df7c-49da-91d8-3149b5bde589,gagal_buka,,,"backend=0 tidak berhasil membuka URL; HTTP 429, content-type=text/html, final_url=https://panel.jastrak.id/api/video-stream?token=GPlHGy3zgp2enTZAoT5sqsFALsLUj1ISsjTOwU1E8xAkh7hfmkdy14Dt5lD0Hpbd"
2026-10-06 11:19:19,a02e5078-df7c-49da-91d8-3149b5bde589,gagal_buka,,,"backend=0 tidak berhasil membuka URL; HTTP 429, content-type=text/html, final_url=https://panel.jastrak.id/api/video-stream?token=GPlHGy3zgp2enTZAoT5sqsFALsLUj1ISsjTOwU1E8xAkh7hfmkdy14Dt5lD0Hpbd"
2026-10-06 11:19:28,a02e5078-df7c-49da-91d8-3149b5bde589,gagal_buka,,,"backend=0 tidak berhasil membuka URL; HTTP 429, content-type=text/html, final_url=https://panel.jastrak.id/api/video-stream?token=OF7wD9hkRTCBYmXLyPNhlXtH3LTXnvydsFDt0XfJBTB1tKSuHg6xae5RPP8rNG1G"
2026-10-06 11:19:37,a02e5078-df7c-49da-91d8-3149b5bde589,gagal_buka,,,"backend=0 tidak berhasil membuka URL; HTTP 429, content-type=text/html, final_url=https://panel.jastrak.id/api/video-stream?token=OF7wD9hkRTCBYmXLyPNhlXtH3LTXnvydsFDt0XfJBTB1tKSuHg6xae5RPP8rNG1G"
2026-10-06 11:19:48,a02e5078-df7c-49da-91d8-3149b5bde589,terhubung,,46.9,
2026-10-06 11:20:10,a02e5078-df7c-49da-91d8-3149b5bde589,terputus,22.0,,Stream terputus / frame tidak terbaca
2026-10-06 11:20:17,a02e5078-df7c-49da-91d8-3149b5bde589,gagal_buka,,,"backend=0 tidak berhasil membuka URL; HTTP 429, content-type=text/html, final_url=https://panel.jastrak.id/api/video-stream?token=OF7wD9hkRTCBYmXLyPNhlXtH3LTXnvydsFDt0XfJBTB1tKSuHg6xae5RPP8rNG1G"
2026-10-06 11:20:28,a02e5078-df7c-49da-91d8-3149b5bde589,gagal_buka,,,"backend=0 tidak berhasil membuka URL; HTTP 429, content-type=text/html, final_url=https://panel.jastrak.id/api/video-stream?token=OF7wD9hkRTCBYmXLyPNhlXtH3LTXnvydsFDt0XfJBTB1tKSuHg6xae5RPP8rNG1G"
2026-10-06 11:20:38,a02e5078-df7c-49da-91d8-3149b5bde589,gagal_buka,,,"backend=0 tidak berhasil membuka URL; HTTP 429, content-type=text/html, final_url=https://panel.jastrak.id/api/video-stream?token=nYc5gNxwI6iAt4Nr5NHj5z4fGiE0c2f8rO4pMUwD2YT9YWF72pbr89JizAXm0WTQ"
2026-10-06 11:20:56,a02e5078-df7c-49da-91d8-3149b5bde589,gagal_buka,,,"backend=0 tidak berhasil membuka URL; HTTP 401, content-type=application/json, final_url=https://panel.jastrak.id/api/video-stream?token=nYc5gNxwI6iAt4Nr5NHj5z4fGiE0c2f8rO4pMUwD2YT9YWF72pbr89JizAXm0WTQ"
2026-10-06 11:21:07,a02e5078-df7c-49da-91d8-3149b5bde589,gagal_buka,,,"backend=0 tidak berhasil membuka URL; HTTP 429, content-type=text/html, final_url=https://panel.jastrak.id/api/video-stream?token=nYc5gNxwI6iAt4Nr5NHj5z4fGiE0c2f8rO4pMUwD2YT9YWF72pbr89JizAXm0WTQ"
2026-10-06 11:21:17,a02e5078-df7c-49da-91d8-3149b5bde589,gagal_buka,,,"backend=0 tidak berhasil membuka URL; HTTP 429, content-type=text/html, final_url=https://panel.jastrak.id/api/video-stream?token=PlcAhIgBhqWd7pjR9PiBbrXgaGzViKdDsWOrDBdjDyrq9CskZtYF7UGCYAjUqzaf"
2026-10-06 11:21:25,a02e5078-df7c-49da-91d8-3149b5bde589,gagal_buka,,,"backend=0 tidak berhasil membuka URL; HTTP 429, content-type=text/html, final_url=https://panel.jastrak.id/api/video-stream?token=PlcAhIgBhqWd7pjR9PiBbrXgaGzViKdDsWOrDBdjDyrq9CskZtYF7UGCYAjUqzaf"
2026-10-06 11:21:37,a02e5078-df7c-49da-91d8-3149b5bde589,gagal_buka,,,"backend=0 tidak berhasil membuka URL; HTTP 429, content-type=text/html, final_url=https://panel.jastrak.id/api/video-stream?token=PlcAhIgBhqWd7pjR9PiBbrXgaGzViKdDsWOrDBdjDyrq9CskZtYF7UGCYAjUqzaf"
2026-10-06 11:21:48,a02e5078-df7c-49da-91d8-3149b5bde589,terhubung,,98.2,
2026-10-06 11:22:18,a02e5078-df7c-49da-91d8-3149b5bde589,terputus,30.2,,Stream terputus / frame tidak terbaca
2026-10-06 11:22:25,a02e5078-df7c-49da-91d8-3149b5bde589,gagal_buka,,,"backend=0 tidak berhasil membuka URL; HTTP 429, content-type=text/html, final_url=https://panel.jastrak.id/api/video-stream?token=rbObncA4Y2ICDVe6mZBc6jygBZPvakG7gsnd3QIp8oIbIoJUE3NizF3oM3cDTTUI"
2026-10-06 11:22:36,a02e5078-df7c-49da-91d8-3149b5bde589,gagal_buka,,,"backend=0 tidak berhasil membuka URL; HTTP 429, content-type=text/html, final_url=https://panel.jastrak.id/api/video-stream?token=rbObncA4Y2ICDVe6mZBc6jygBZPvakG7gsnd3QIp8oIbIoJUE3NizF3oM3cDTTUI"
2026-10-06 11:22:56,a02e5078-df7c-49da-91d8-3149b5bde589,gagal_buka,,,"backend=0 tidak berhasil membuka URL; HTTP 401, content-type=application/json, final_url=https://panel.jastrak.id/api/video-stream?token=nCb7tu4kloXVlAadPxrqdNx7mLVxNu0SkCkL7MWIxmIdsHzRuNEqYCO26h7SloES"
2026-10-06 11:23:04,a02e5078-df7c-49da-91d8-3149b5bde589,gagal_buka,,,"backend=0 tidak berhasil membuka URL; HTTP 429, content-type=text/html, final_url=https://panel.jastrak.id/api/video-stream?token=nCb7tu4kloXVlAadPxrqdNx7mLVxNu0SkCkL7MWIxmIdsHzRuNEqYCO26h7SloES"
2026-10-06 11:23:15,a02e5078-df7c-49da-91d8-3149b5bde589,gagal_buka,,,"backend=0 tidak berhasil membuka URL; HTTP 429, content-type=text/html, final_url=https://panel.jastrak.id/api/video-stream?token=nCb7tu4kloXVlAadPxrqdNx7mLVxNu0SkCkL7MWIxmIdsHzRuNEqYCO26h7SloES"
2026-10-06 11:23:25,a02e5078-df7c-49da-91d8-3149b5bde589,gagal_buka,,,"backend=0 tidak berhasil membuka URL; HTTP 429, content-type=text/html, final_url=https://panel.jastrak.id/api/video-stream?token=glrkjSjofGH1p4cjO15YrZd3wINQZ5fjseNRYMXbB0AR3ymvKjnW0djY9oUsnR9l"
2026-10-06 11:23:33,a02e5078-df7c-49da-91d8-3149b5bde589,gagal_buka,,,"backend=0 tidak berhasil membuka URL; HTTP 429, content-type=text/html, final_url=https://panel.jastrak.id/api/video-stream?token=glrkjSjofGH1p4cjO15YrZd3wINQZ5fjseNRYMXbB0AR3ymvKjnW0djY9oUsnR9l"
2026-10-06 11:23:44,a02e5078-df7c-49da-91d8-3149b5bde589,gagal_buka,,,"backend=0 tidak berhasil membuka URL; HTTP 429, content-type=text/html, final_url=https://panel.jastrak.id/api/video-stream?token=glrkjSjofGH1p4cjO15YrZd3wINQZ5fjseNRYMXbB0AR3ymvKjnW0djY9oUsnR9l"
2026-10-06 11:24:02,a02e5078-df7c-49da-91d8-3149b5bde589,gagal_buka,,,"backend=0 tidak berhasil membuka URL; HTTP 401, content-type=application/json, final_url=https://panel.jastrak.id/api/video-stream?token=pkCBFQSOlfJZI0RmQKnTyMHJHeUmCRLVkg9p2wubJrGQ0IKCxnIMlAALFU82N3XU"
2026-10-06 11:24:10,a02e5078-df7c-49da-91d8-3149b5bde589,gagal_buka,,,"backend=0 tidak berhasil membuka URL; HTTP 429, content-type=text/html, final_url=https://panel.jastrak.id/api/video-stream?token=pkCBFQSOlfJZI0RmQKnTyMHJHeUmCRLVkg9p2wubJrGQ0IKCxnIMlAALFU82N3XU"
2026-10-06 11:24:21,a02e5078-df7c-49da-91d8-3149b5bde589,gagal_buka,,,"backend=0 tidak berhasil membuka URL; HTTP 429, content-type=text/html, final_url=https://panel.jastrak.id/api/video-stream?token=pkCBFQSOlfJZI0RmQKnTyMHJHeUmCRLVkg9p2wubJrGQ0IKCxnIMlAALFU82N3XU"
2026-10-06 11:24:30,a02e5078-df7c-49da-91d8-3149b5bde589,gagal_buka,,,"backend=0 tidak berhasil membuka URL; HTTP 429, content-type=text/html, final_url=https://panel.jastrak.id/api/video-stream?token=bvVLsYdrhh6B4WbmrGg0HQaMjAglJD5Rm8u4AEguMyvcuMlqCnVRC4RA72N2CruV"
2026-10-06 11:24:38,a02e5078-df7c-49da-91d8-3149b5bde589,gagal_buka,,,"backend=0 tidak berhasil membuka URL; HTTP 429, content-type=text/html, final_url=https://panel.jastrak.id/api/video-stream?token=bvVLsYdrhh6B4WbmrGg0HQaMjAglJD5Rm8u4AEguMyvcuMlqCnVRC4RA72N2CruV"
2026-10-06 11:24:50,a02e5078-df7c-49da-91d8-3149b5bde589,terhubung,,152.3,
2026-10-06 11:25:18,a02e5078-df7c-49da-91d8-3149b5bde589,terputus,27.4,,Stream terputus / frame tidak terbaca
2026-10-06 11:25:25,a02e5078-df7c-49da-91d8-3149b5bde589,gagal_buka,,,"backend=0 tidak berhasil membuka URL; HTTP 429, content-type=text/html, final_url=https://panel.jastrak.id/api/video-stream?token=bvVLsYdrhh6B4WbmrGg0HQaMjAglJD5Rm8u4AEguMyvcuMlqCnVRC4RA72N2CruV"
2026-10-06 11:25:36,a02e5078-df7c-49da-91d8-3149b5bde589,gagal_buka,,,"backend=0 tidak berhasil membuka URL; HTTP 429, content-type=text/html, final_url=https://panel.jastrak.id/api/video-stream?token=bvVLsYdrhh6B4WbmrGg0HQaMjAglJD5Rm8u4AEguMyvcuMlqCnVRC4RA72N2CruV"
2026-10-06 11:25:46,a02e5078-df7c-49da-91d8-3149b5bde589,gagal_buka,,,"backend=0 tidak berhasil membuka URL; HTTP 429, content-type=text/html, final_url=https://panel.jastrak.id/api/video-stream?token=IzQnDAVWtMjM1YyAzRW91aFazyfWbreyopA0V8BuFu6KwZWcPmhHkgtRBB6xhYdu"
2026-10-06 11:26:03,a02e5078-df7c-49da-91d8-3149b5bde589,gagal_buka,,,"backend=0 tidak berhasil membuka URL; HTTP 401, content-type=application/json, final_url=https://panel.jastrak.id/api/video-stream?token=IzQnDAVWtMjM1YyAzRW91aFazyfWbreyopA0V8BuFu6KwZWcPmhHkgtRBB6xhYdu"
2026-10-06 11:26:15,a02e5078-df7c-49da-91d8-3149b5bde589,gagal_buka,,,"backend=0 tidak berhasil membuka URL; HTTP 429, content-type=text/html, final_url=https://panel.jastrak.id/api/video-stream?token=IzQnDAVWtMjM1YyAzRW91aFazyfWbreyopA0V8BuFu6KwZWcPmhHkgtRBB6xhYdu"
2026-10-06 11:26:24,a02e5078-df7c-49da-91d8-3149b5bde589,gagal_buka,,,"backend=0 tidak berhasil membuka URL; HTTP 429, content-type=text/html, final_url=https://panel.jastrak.id/api/video-stream?token=N7lvE36QD2OzIsijjtutHt0r1oFFLAlijtFRaP0qmvwwG22DjzGpm9wMWTYVnNom"
2026-10-06 11:26:32,a02e5078-df7c-49da-91d8-3149b5bde589,gagal_buka,,,"backend=0 tidak berhasil membuka URL; HTTP 429, content-type=text/html, final_url=https://panel.jastrak.id/api/video-stream?token=N7lvE36QD2OzIsijjtutHt0r1oFFLAlijtFRaP0qmvwwG22DjzGpm9wMWTYVnNom"
2026-10-06 11:26:43,a02e5078-df7c-49da-91d8-3149b5bde589,gagal_buka,,,"backend=0 tidak berhasil membuka URL; HTTP 429, content-type=text/html, final_url=https://panel.jastrak.id/api/video-stream?token=N7lvE36QD2OzIsijjtutHt0r1oFFLAlijtFRaP0qmvwwG22DjzGpm9wMWTYVnNom"
2026-10-06 11:26:52,a02e5078-df7c-49da-91d8-3149b5bde589,terhubung,,93.7,
2026-10-06 11:27:18,a02e5078-df7c-49da-91d8-3149b5bde589,terputus,26.4,,Stream terputus / frame tidak terbaca
2026-10-06 11:27:25,a02e5078-df7c-49da-91d8-3149b5bde589,gagal_buka,,,"backend=0 tidak berhasil membuka URL; HTTP 429, content-type=text/html, final_url=https://panel.jastrak.id/api/video-stream?token=cvpNm3dIhVBMIyj83Nwow9gOzulan1AqP3QYPMXhMR7pRrcBF5Hawmg2xHXfkRWz"
2026-10-06 11:27:37,a02e5078-df7c-49da-91d8-3149b5bde589,gagal_buka,,,"backend=0 tidak berhasil membuka URL; HTTP 429, content-type=text/html, final_url=https://panel.jastrak.id/api/video-stream?token=cvpNm3dIhVBMIyj83Nwow9gOzulan1AqP3QYPMXhMR7pRrcBF5Hawmg2xHXfkRWz"
2026-10-06 11:27:47,a02e5078-df7c-49da-91d8-3149b5bde589,gagal_buka,,,"backend=0 tidak berhasil membuka URL; HTTP 429, content-type=text/html, final_url=https://panel.jastrak.id/api/video-stream?token=Fd3kyTVvDgtGLyzct7gjq4Vs5fjF5bHXgzjIyTKuoNPv6I7QC8E2XfDaGTDL6Ssc"
2026-10-06 11:27:53,a02e5078-df7c-49da-91d8-3149b5bde589,terhubung,,34.8,
2026-10-06 11:28:18,a02e5078-df7c-49da-91d8-3149b5bde589,terputus,25.3,,Stream terputus / frame tidak terbaca
2026-10-06 11:28:25,a02e5078-df7c-49da-91d8-3149b5bde589,gagal_buka,,,"backend=0 tidak berhasil membuka URL; HTTP 429, content-type=text/html, final_url=https://panel.jastrak.id/api/video-stream?token=Fd3kyTVvDgtGLyzct7gjq4Vs5fjF5bHXgzjIyTKuoNPv6I7QC8E2XfDaGTDL6Ssc"
2026-10-06 11:28:36,a02e5078-df7c-49da-91d8-3149b5bde589,gagal_buka,,,"backend=0 tidak berhasil membuka URL; HTTP 429, content-type=text/html, final_url=https://panel.jastrak.id/api/video-stream?token=Fd3kyTVvDgtGLyzct7gjq4Vs5fjF5bHXgzjIyTKuoNPv6I7QC8E2XfDaGTDL6Ssc"
2026-10-06 11:28:46,a02e5078-df7c-49da-91d8-3149b5bde589,gagal_buka,,,"backend=0 tidak berhasil membuka URL; HTTP 429, content-type=text/html, final_url=https://panel.jastrak.id/api/video-stream?token=IL14vTdl3nC3mTzACJDY92Pwu7I5EEc30Eu7BuGHA0SnCXCDzwxzaokB3Q9mMP8w"
2026-10-06 11:28:53,a02e5078-df7c-49da-91d8-3149b5bde589,terhubung,,35.2,
2026-10-06 11:29:51,a02e5078-df7c-49da-91d8-3149b5bde589,terputus,58.2,,Stream terputus / frame tidak terbaca
2026-10-06 11:29:59,a02e5078-df7c-49da-91d8-3149b5bde589,gagal_buka,,,"backend=0 tidak berhasil membuka URL; HTTP 401, content-type=application/json, final_url=https://panel.jastrak.id/api/video-stream?token=IL14vTdl3nC3mTzACJDY92Pwu7I5EEc30Eu7BuGHA0SnCXCDzwxzaokB3Q9mMP8w"
2026-10-06 11:30:09,a02e5078-df7c-49da-91d8-3149b5bde589,gagal_buka,,,"backend=0 tidak berhasil membuka URL; HTTP 429, content-type=text/html, final_url=https://panel.jastrak.id/api/video-stream?token=IL14vTdl3nC3mTzACJDY92Pwu7I5EEc30Eu7BuGHA0SnCXCDzwxzaokB3Q9mMP8w"
2026-10-06 11:30:19,a02e5078-df7c-49da-91d8-3149b5bde589,gagal_buka,,,"backend=0 tidak berhasil membuka URL; HTTP 429, content-type=text/html, final_url=https://panel.jastrak.id/api/video-stream?token=MLDtHnHYTkPOQhWbhIjThAJFZ3NS0wASiLizjaQqpFjXn8PVG3OztIdjRB5J2ZMi"
2026-10-06 11:30:27,a02e5078-df7c-49da-91d8-3149b5bde589,gagal_buka,,,"backend=0 tidak berhasil membuka URL; HTTP 429, content-type=text/html, final_url=https://panel.jastrak.id/api/video-stream?token=MLDtHnHYTkPOQhWbhIjThAJFZ3NS0wASiLizjaQqpFjXn8PVG3OztIdjRB5J2ZMi"
2026-10-06 11:30:38,a02e5078-df7c-49da-91d8-3149b5bde589,gagal_buka,,,"backend=0 tidak berhasil membuka URL; HTTP 429, content-type=text/html, final_url=https://panel.jastrak.id/api/video-stream?token=MLDtHnHYTkPOQhWbhIjThAJFZ3NS0wASiLizjaQqpFjXn8PVG3OztIdjRB5J2ZMi"
2026-10-06 11:30:47,a02e5078-df7c-49da-91d8-3149b5bde589,gagal_buka,,,"backend=0 tidak berhasil membuka URL; HTTP 429, content-type=text/html, final_url=https://panel.jastrak.id/api/video-stream?token=UFSb8nuP51isZGydndgmt50ygKLT37bTC25Yn6w2n00KEtnMi4HHXrd2N5UiEIa4"
2026-10-06 11:30:58,a02e5078-df7c-49da-91d8-3149b5bde589,terhubung,,66.3,
2026-10-06 11:31:18,a02e5078-df7c-49da-91d8-3149b5bde589,terputus,20.0,,Stream terputus / frame tidak terbaca
2026-10-06 11:31:25,a02e5078-df7c-49da-91d8-3149b5bde589,gagal_buka,,,"backend=0 tidak berhasil membuka URL; HTTP 429, content-type=text/html, final_url=https://panel.jastrak.id/api/video-stream?token=UFSb8nuP51isZGydndgmt50ygKLT37bTC25Yn6w2n00KEtnMi4HHXrd2N5UiEIa4"
2026-10-06 11:31:36,a02e5078-df7c-49da-91d8-3149b5bde589,gagal_buka,,,"backend=0 tidak berhasil membuka URL; HTTP 429, content-type=text/html, final_url=https://panel.jastrak.id/api/video-stream?token=UFSb8nuP51isZGydndgmt50ygKLT37bTC25Yn6w2n00KEtnMi4HHXrd2N5UiEIa4"
2026-10-06 11:31:45,a02e5078-df7c-49da-91d8-3149b5bde589,gagal_buka,,,"backend=0 tidak berhasil membuka URL; HTTP 429, content-type=text/html, final_url=https://panel.jastrak.id/api/video-stream?token=XS37BMazQ0fORQxJLA8JvGEGb3oUU4xd9eMaDv4fbd4d8zbHYWEdIYfO6RdmGXzU"
2026-10-06 11:31:53,a02e5078-df7c-49da-91d8-3149b5bde589,gagal_buka,,,"backend=0 tidak berhasil membuka URL; HTTP 429, content-type=text/html, final_url=https://panel.jastrak.id/api/video-stream?token=XS37BMazQ0fORQxJLA8JvGEGb3oUU4xd9eMaDv4fbd4d8zbHYWEdIYfO6RdmGXzU"
2026-10-06 11:32:03,a02e5078-df7c-49da-91d8-3149b5bde589,terhubung,,45.1,
2026-10-06 11:32:56,a02e5078-df7c-49da-91d8-3149b5bde589,terputus,53.3,,Stream terputus / frame tidak terbaca
2026-10-06 11:33:03,a02e5078-df7c-49da-91d8-3149b5bde589,gagal_buka,,,"backend=0 tidak berhasil membuka URL; HTTP 401, content-type=application/json, final_url=https://panel.jastrak.id/api/video-stream?token=XS37BMazQ0fORQxJLA8JvGEGb3oUU4xd9eMaDv4fbd4d8zbHYWEdIYfO6RdmGXzU"
2026-10-06 11:33:15,a02e5078-df7c-49da-91d8-3149b5bde589,gagal_buka,,,"backend=0 tidak berhasil membuka URL; HTTP 429, content-type=text/html, final_url=https://panel.jastrak.id/api/video-stream?token=XS37BMazQ0fORQxJLA8JvGEGb3oUU4xd9eMaDv4fbd4d8zbHYWEdIYfO6RdmGXzU"
2026-10-06 11:33:24,a02e5078-df7c-49da-91d8-3149b5bde589,gagal_buka,,,"backend=0 tidak berhasil membuka URL; HTTP 429, content-type=text/html, final_url=https://panel.jastrak.id/api/video-stream?token=PMNoIO6MMEcNxYf6WbFfdQFFp8yDP3vXw5tXa0pO5ORCetkvpLCTb4zHizNLCQiu"
2026-10-06 11:33:32,a02e5078-df7c-49da-91d8-3149b5bde589,gagal_buka,,,"backend=0 tidak berhasil membuka URL; HTTP 429, content-type=text/html, final_url=https://panel.jastrak.id/api/video-stream?token=PMNoIO6MMEcNxYf6WbFfdQFFp8yDP3vXw5tXa0pO5ORCetkvpLCTb4zHizNLCQiu"
2026-10-06 11:33:43,a02e5078-df7c-49da-91d8-3149b5bde589,gagal_buka,,,"backend=0 tidak berhasil membuka URL; HTTP 429, content-type=text/html, final_url=https://panel.jastrak.id/api/video-stream?token=PMNoIO6MMEcNxYf6WbFfdQFFp8yDP3vXw5tXa0pO5ORCetkvpLCTb4zHizNLCQiu"
2026-10-06 11:33:53,a02e5078-df7c-49da-91d8-3149b5bde589,gagal_buka,,,"backend=0 tidak berhasil membuka URL; HTTP 429, content-type=text/html, final_url=https://panel.jastrak.id/api/video-stream?token=UKfdgDoNcpFW6YDSyHJ2ntgGdRAFp4fNAENqE8uFVhXQrNNnzWQPrnnN3KZdFRE0"
2026-10-06 11:34:03,a02e5078-df7c-49da-91d8-3149b5bde589,terhubung,,66.9,
2026-10-06 11:34:26,a02e5078-df7c-49da-91d8-3149b5bde589,terputus,22.9,,Stream terputus / frame tidak terbaca
2026-10-06 11:34:33,a02e5078-df7c-49da-91d8-3149b5bde589,gagal_buka,,,"backend=0 tidak berhasil membuka URL; HTTP 429, content-type=text/html, final_url=https://panel.jastrak.id/api/video-stream?token=UKfdgDoNcpFW6YDSyHJ2ntgGdRAFp4fNAENqE8uFVhXQrNNnzWQPrnnN3KZdFRE0"
2026-10-06 11:34:44,a02e5078-df7c-49da-91d8-3149b5bde589,gagal_buka,,,"backend=0 tidak berhasil membuka URL; HTTP 429, content-type=text/html, final_url=https://panel.jastrak.id/api/video-stream?token=UKfdgDoNcpFW6YDSyHJ2ntgGdRAFp4fNAENqE8uFVhXQrNNnzWQPrnnN3KZdFRE0"
2026-10-06 11:34:54,a02e5078-df7c-49da-91d8-3149b5bde589,gagal_buka,,,"backend=0 tidak berhasil membuka URL; HTTP 429, content-type=text/html, final_url=https://panel.jastrak.id/api/video-stream?token=qe0NFyAqTTXIVowv7a9pFbaAXCqgKbWYPlmH3aHFwerWQSNQ4cAZYUsirJ8ebsNZ"
2026-10-06 11:35:01,a02e5078-df7c-49da-91d8-3149b5bde589,terhubung,,35.5,
2026-10-06 11:35:37,a02e5078-df7c-49da-91d8-3149b5bde589,terputus,35.2,,Stream terputus / frame tidak terbaca
2026-10-06 11:35:44,a02e5078-df7c-49da-91d8-3149b5bde589,gagal_buka,,,"backend=0 tidak berhasil membuka URL; HTTP 429, content-type=text/html, final_url=https://panel.jastrak.id/api/video-stream?token=qe0NFyAqTTXIVowv7a9pFbaAXCqgKbWYPlmH3aHFwerWQSNQ4cAZYUsirJ8ebsNZ"
2026-10-06 11:35:55,a02e5078-df7c-49da-91d8-3149b5bde589,gagal_buka,,,"backend=0 tidak berhasil membuka URL; HTTP 429, content-type=text/html, final_url=https://panel.jastrak.id/api/video-stream?token=qe0NFyAqTTXIVowv7a9pFbaAXCqgKbWYPlmH3aHFwerWQSNQ4cAZYUsirJ8ebsNZ"
2026-10-06 11:36:03,a02e5078-df7c-49da-91d8-3149b5bde589,terhubung,,26.3,
2026-10-06 11:36:21,a02e5078-df7c-49da-91d8-3149b5bde589,terputus,18.1,,Stream terputus / frame tidak terbaca
2026-10-06 11:36:28,a02e5078-df7c-49da-91d8-3149b5bde589,gagal_buka,,,"backend=0 tidak berhasil membuka URL; HTTP 429, content-type=text/html, final_url=https://panel.jastrak.id/api/video-stream?token=1itWtqDNpZRKKjOjYfiKyEjDTQjQxcN07ZWh9z9en3qykPwrHfm22oKbCBjJbHpt"
2026-10-06 11:36:39,a02e5078-df7c-49da-91d8-3149b5bde589,gagal_buka,,,"backend=0 tidak berhasil membuka URL; HTTP 429, content-type=text/html, final_url=https://panel.jastrak.id/api/video-stream?token=1itWtqDNpZRKKjOjYfiKyEjDTQjQxcN07ZWh9z9en3qykPwrHfm22oKbCBjJbHpt"
2026-10-06 11:36:49,a02e5078-df7c-49da-91d8-3149b5bde589,gagal_buka,,,"backend=0 tidak berhasil membuka URL; HTTP 429, content-type=text/html, final_url=https://panel.jastrak.id/api/video-stream?token=pUwxF0FNPpQ3oZUl2LCtlJENiJ52PChbqkncSXxjE0Vd2QD0zOG399A1htXCJWTk"
2026-10-06 11:36:57,a02e5078-df7c-49da-91d8-3149b5bde589,gagal_buka,,,"backend=0 tidak berhasil membuka URL; HTTP 429, content-type=text/html, final_url=https://panel.jastrak.id/api/video-stream?token=pUwxF0FNPpQ3oZUl2LCtlJENiJ52PChbqkncSXxjE0Vd2QD0zOG399A1htXCJWTk"
2026-10-06 11:37:06,a02e5078-df7c-49da-91d8-3149b5bde589,terhubung,,44.8,
2026-10-06 11:37:25,a02e5078-df7c-49da-91d8-3149b5bde589,terputus,19.1,,Stream terputus / frame tidak terbaca
2026-10-06 11:37:32,a02e5078-df7c-49da-91d8-3149b5bde589,gagal_buka,,,"backend=0 tidak berhasil membuka URL; HTTP 429, content-type=text/html, final_url=https://panel.jastrak.id/api/video-stream?token=pUwxF0FNPpQ3oZUl2LCtlJENiJ52PChbqkncSXxjE0Vd2QD0zOG399A1htXCJWTk"
2026-10-06 11:37:43,a02e5078-df7c-49da-91d8-3149b5bde589,gagal_buka,,,"backend=0 tidak berhasil membuka URL; HTTP 429, content-type=text/html, final_url=https://panel.jastrak.id/api/video-stream?token=pUwxF0FNPpQ3oZUl2LCtlJENiJ52PChbqkncSXxjE0Vd2QD0zOG399A1htXCJWTk"
2026-10-06 11:37:52,a02e5078-df7c-49da-91d8-3149b5bde589,gagal_buka,,,"backend=0 tidak berhasil membuka URL; HTTP 429, content-type=text/html, final_url=https://panel.jastrak.id/api/video-stream?token=59jSNQ4dVIReRSGBCYIH2HuUMf7R89OvjwTcaIFj1NgJk91na4eqbTZK4G1tmLQ9"
2026-10-06 11:38:01,a02e5078-df7c-49da-91d8-3149b5bde589,gagal_buka,,,"backend=0 tidak berhasil membuka URL; HTTP 429, content-type=text/html, final_url=https://panel.jastrak.id/api/video-stream?token=59jSNQ4dVIReRSGBCYIH2HuUMf7R89OvjwTcaIFj1NgJk91na4eqbTZK4G1tmLQ9"
2026-10-06 11:38:08,a02e5078-df7c-49da-91d8-3149b5bde589,terhubung,,43.5,
2026-10-06 11:38:34,a02e5078-df7c-49da-91d8-3149b5bde589,terputus,25.7,,Stream terputus / frame tidak terbaca
2026-10-06 11:38:41,a02e5078-df7c-49da-91d8-3149b5bde589,gagal_buka,,,"backend=0 tidak berhasil membuka URL; HTTP 429, content-type=text/html, final_url=https://panel.jastrak.id/api/video-stream?token=59jSNQ4dVIReRSGBCYIH2HuUMf7R89OvjwTcaIFj1NgJk91na4eqbTZK4G1tmLQ9"
2026-10-06 11:38:52,a02e5078-df7c-49da-91d8-3149b5bde589,gagal_buka,,,"backend=0 tidak berhasil membuka URL; HTTP 429, content-type=text/html, final_url=https://panel.jastrak.id/api/video-stream?token=59jSNQ4dVIReRSGBCYIH2HuUMf7R89OvjwTcaIFj1NgJk91na4eqbTZK4G1tmLQ9"
2026-10-06 11:39:02,a02e5078-df7c-49da-91d8-3149b5bde589,gagal_buka,,,"backend=0 tidak berhasil membuka URL; HTTP 429, content-type=text/html, final_url=https://panel.jastrak.id/api/video-stream?token=V2aVgzu5YjLdjfDDN479tajKRzH6Moh2cb4X0Na7k9Kkc3dxkNqOrFz7vRD3NNx4"
2026-10-06 11:39:09,a02e5078-df7c-49da-91d8-3149b5bde589,terhubung,,34.9,
2026-10-06 11:42:57,a02e5078-df7c-49da-91d8-3149b5bde589,refresh_terjadwal,227.7,,
2026-10-06 11:43:00,a02e5078-df7c-49da-91d8-3149b5bde589,terhubung,,3.5,
2026-10-06 11:46:58,a02e5078-df7c-49da-91d8-3149b5bde589,refresh_terjadwal,237.4,,
2026-10-06 11:47:02,a02e5078-df7c-49da-91d8-3149b5bde589,terhubung,,4.3,
2026-10-06 11:47:54,a02e5078-df7c-49da-91d8-3149b5bde589,terputus,52.2,,Stream terputus / frame tidak terbaca
2026-10-06 11:48:01,a02e5078-df7c-49da-91d8-3149b5bde589,gagal_buka,,,"backend=0 tidak berhasil membuka URL; HTTP 401, content-type=application/json, final_url=https://panel.jastrak.id/api/video-stream?token=QhKSFcmJRAgsg32TruG1LrveacNNWhdgz7YwGHZ2jDaO9KoJoRXwUw9vGxqYanSS"
2026-10-06 11:48:12,a02e5078-df7c-49da-91d8-3149b5bde589,gagal_buka,,,"backend=0 tidak berhasil membuka URL; HTTP 429, content-type=text/html, final_url=https://panel.jastrak.id/api/video-stream?token=QhKSFcmJRAgsg32TruG1LrveacNNWhdgz7YwGHZ2jDaO9KoJoRXwUw9vGxqYanSS"
2026-10-06 11:48:21,a02e5078-df7c-49da-91d8-3149b5bde589,gagal_buka,,,"backend=0 tidak berhasil membuka URL; HTTP 429, content-type=text/html, final_url=https://panel.jastrak.id/api/video-stream?token=k7EKPNeAWSX5HliTaBAks8VChfpbXasgQciENQvJvmzwwKjDa5dJlum8iITVOD9Q"
2026-10-06 11:48:34,a02e5078-df7c-49da-91d8-3149b5bde589,gagal_buka,,,"backend=0 tidak berhasil membuka URL; probe HTTP gagal: HTTPSConnectionPool(host='panel.jastrak.id', port=443): Read timed out. (read timeout=5)"
2026-10-06 11:49:03,a02e5078-df7c-49da-91d8-3149b5bde589,terhubung,,69.4,
2026-10-06 11:49:55,a02e5078-df7c-49da-91d8-3149b5bde589,terputus,51.4,,Stream terputus / frame tidak terbaca
2026-10-06 11:50:02,a02e5078-df7c-49da-91d8-3149b5bde589,gagal_buka,,,"backend=0 tidak berhasil membuka URL; HTTP 401, content-type=application/json, final_url=https://panel.jastrak.id/api/video-stream?token=k7EKPNeAWSX5HliTaBAks8VChfpbXasgQciENQvJvmzwwKjDa5dJlum8iITVOD9Q"
2026-10-06 11:50:13,a02e5078-df7c-49da-91d8-3149b5bde589,gagal_buka,,,"backend=0 tidak berhasil membuka URL; HTTP 429, content-type=text/html, final_url=https://panel.jastrak.id/api/video-stream?token=k7EKPNeAWSX5HliTaBAks8VChfpbXasgQciENQvJvmzwwKjDa5dJlum8iITVOD9Q"
2026-10-06 11:50:23,a02e5078-df7c-49da-91d8-3149b5bde589,gagal_buka,,,"backend=0 tidak berhasil membuka URL; HTTP 429, content-type=text/html, final_url=https://panel.jastrak.id/api/video-stream?token=KIj6jZvei28gEz7PJqlGgfY453yz4kw0Nt1hoFaZz3Sas5piiMmlJz17O27SrqgG"
2026-10-06 11:50:58,a02e5078-df7c-49da-91d8-3149b5bde589,gagal_buka,,,"backend=0 tidak berhasil membuka URL; HTTP 429, content-type=text/html, final_url=https://panel.jastrak.id/api/video-stream?token=KIj6jZvei28gEz7PJqlGgfY453yz4kw0Nt1hoFaZz3Sas5piiMmlJz17O27SrqgG"
2026-10-06 11:51:08,a02e5078-df7c-49da-91d8-3149b5bde589,terhubung,,73.0,
2026-10-06 11:52:57,a02e5078-df7c-49da-91d8-3149b5bde589,terputus,109.7,,Stream terputus / frame tidak terbaca
2026-10-06 11:53:18,a02e5078-df7c-49da-91d8-3149b5bde589,gagal_buka,,,"backend=0 tidak berhasil membuka URL; HTTP 429, content-type=text/html, final_url=https://panel.jastrak.id/api/video-stream?token=KIj6jZvei28gEz7PJqlGgfY453yz4kw0Nt1hoFaZz3Sas5piiMmlJz17O27SrqgG"
2026-10-06 11:53:29,a02e5078-df7c-49da-91d8-3149b5bde589,gagal_buka,,,"backend=0 tidak berhasil membuka URL; HTTP 429, content-type=text/html, final_url=https://panel.jastrak.id/api/video-stream?token=KIj6jZvei28gEz7PJqlGgfY453yz4kw0Nt1hoFaZz3Sas5piiMmlJz17O27SrqgG"
2026-10-06 11:53:38,a02e5078-df7c-49da-91d8-3149b5bde589,gagal_buka,,,"backend=0 tidak berhasil membuka URL; HTTP 429, content-type=text/html, final_url=https://panel.jastrak.id/api/video-stream?token=aivUmz0wraTn22nP4egtyzYkif7m857druDiXd5K59cXZrYUhpnZNT2GmDU7dZQI"
2026-10-06 11:53:46,a02e5078-df7c-49da-91d8-3149b5bde589,gagal_buka,,,"backend=0 tidak berhasil membuka URL; HTTP 429, content-type=text/html, final_url=https://panel.jastrak.id/api/video-stream?token=aivUmz0wraTn22nP4egtyzYkif7m857druDiXd5K59cXZrYUhpnZNT2GmDU7dZQI"
2026-10-06 11:53:57,a02e5078-df7c-49da-91d8-3149b5bde589,gagal_buka,,,"backend=0 tidak berhasil membuka URL; HTTP 429, content-type=text/html, final_url=https://panel.jastrak.id/api/video-stream?token=aivUmz0wraTn22nP4egtyzYkif7m857druDiXd5K59cXZrYUhpnZNT2GmDU7dZQI"
2026-10-06 11:54:07,a02e5078-df7c-49da-91d8-3149b5bde589,gagal_buka,,,"backend=0 tidak berhasil membuka URL; HTTP 429, content-type=text/html, final_url=https://panel.jastrak.id/api/video-stream?token=9IkYFQrt6dNqwriN5dgj1RxwoyF1t3FABIDX4ew5I91F3AONL4BOFEqfHILUVpM1"
2026-10-06 11:54:15,a02e5078-df7c-49da-91d8-3149b5bde589,gagal_buka,,,"backend=0 tidak berhasil membuka URL; HTTP 429, content-type=text/html, final_url=https://panel.jastrak.id/api/video-stream?token=9IkYFQrt6dNqwriN5dgj1RxwoyF1t3FABIDX4ew5I91F3AONL4BOFEqfHILUVpM1"
2026-10-06 11:54:28,a02e5078-df7c-49da-91d8-3149b5bde589,terhubung,,90.2,
2026-10-06 11:58:01,a02e5078-df7c-49da-91d8-3149b5bde589,refresh_terjadwal,213.5,,
2026-10-06 11:58:05,a02e5078-df7c-49da-91d8-3149b5bde589,terhubung,,4.3,
2026-10-06 12:02:03,a02e5078-df7c-49da-91d8-3149b5bde589,refresh_terjadwal,237.2,,
2026-10-06 12:02:08,a02e5078-df7c-49da-91d8-3149b5bde589,terhubung,,4.9,
2026-10-06 12:04:54,a02e5078-df7c-49da-91d8-3149b5bde589,terputus,166.6,,Stream terputus / frame tidak terbaca
2026-10-06 12:05:01,a02e5078-df7c-49da-91d8-3149b5bde589,gagal_buka,,,"backend=0 tidak berhasil membuka URL; HTTP 429, content-type=text/html, final_url=https://panel.jastrak.id/api/video-stream?token=qQaxpnp32aJE6XKptRmcRbx6x6QnpibDiUN9PGaNeg0CSgfFibrxb7ljdiXTlJ9u"
2026-10-06 12:05:12,a02e5078-df7c-49da-91d8-3149b5bde589,gagal_buka,,,"backend=0 tidak berhasil membuka URL; HTTP 429, content-type=text/html, final_url=https://panel.jastrak.id/api/video-stream?token=qQaxpnp32aJE6XKptRmcRbx6x6QnpibDiUN9PGaNeg0CSgfFibrxb7ljdiXTlJ9u"
2026-10-06 12:05:21,a02e5078-df7c-49da-91d8-3149b5bde589,gagal_buka,,,"backend=0 tidak berhasil membuka URL; HTTP 429, content-type=text/html, final_url=https://panel.jastrak.id/api/video-stream?token=6L7DYo31b4yYmrk6ORP0Dw9qB71tft8WIallZus3089Q2bOEBj7HyxHOxn6q1YIj"
2026-10-06 12:05:29,a02e5078-df7c-49da-91d8-3149b5bde589,gagal_buka,,,"backend=0 tidak berhasil membuka URL; HTTP 429, content-type=text/html, final_url=https://panel.jastrak.id/api/video-stream?token=6L7DYo31b4yYmrk6ORP0Dw9qB71tft8WIallZus3089Q2bOEBj7HyxHOxn6q1YIj"
2026-10-06 12:05:40,a02e5078-df7c-49da-91d8-3149b5bde589,gagal_buka,,,"backend=0 tidak berhasil membuka URL; HTTP 429, content-type=text/html, final_url=https://panel.jastrak.id/api/video-stream?token=6L7DYo31b4yYmrk6ORP0Dw9qB71tft8WIallZus3089Q2bOEBj7HyxHOxn6q1YIj"
2026-10-06 12:05:51,a02e5078-df7c-49da-91d8-3149b5bde589,terhubung,,57.3,
2026-10-06 12:09:01,a02e5078-df7c-49da-91d8-3149b5bde589,terputus,190.0,,Stream terputus / frame tidak terbaca
2026-10-06 12:09:09,a02e5078-df7c-49da-91d8-3149b5bde589,gagal_buka,,,"backend=0 tidak berhasil membuka URL; HTTP 429, content-type=text/html, final_url=https://panel.jastrak.id/api/video-stream?token=yPJYrkUECA8aqvSqevXOcJrmPEdn33KzV7xAaBWXcUsxpm6maosOZyuXmpvo2T63"
2026-10-06 12:09:20,a02e5078-df7c-49da-91d8-3149b5bde589,gagal_buka,,,"backend=0 tidak berhasil membuka URL; HTTP 429, content-type=text/html, final_url=https://panel.jastrak.id/api/video-stream?token=yPJYrkUECA8aqvSqevXOcJrmPEdn33KzV7xAaBWXcUsxpm6maosOZyuXmpvo2T63"
2026-10-06 12:09:32,a02e5078-df7c-49da-91d8-3149b5bde589,gagal_buka,,,"backend=0 tidak berhasil membuka URL; HTTP 401, content-type=application/json, final_url=https://panel.jastrak.id/api/video-stream?token=sqYn3TCRHG0B63OgpJtv7RqtCWHiEZuOzoKyVRQtBgKwd7lZDTAD59TcYYzdm4ya"
2026-10-06 12:09:40,a02e5078-df7c-49da-91d8-3149b5bde589,gagal_buka,,,"backend=0 tidak berhasil membuka URL; HTTP 429, content-type=text/html, final_url=https://panel.jastrak.id/api/video-stream?token=sqYn3TCRHG0B63OgpJtv7RqtCWHiEZuOzoKyVRQtBgKwd7lZDTAD59TcYYzdm4ya"
2026-10-06 12:09:51,a02e5078-df7c-49da-91d8-3149b5bde589,gagal_buka,,,"backend=0 tidak berhasil membuka URL; HTTP 429, content-type=text/html, final_url=https://panel.jastrak.id/api/video-stream?token=sqYn3TCRHG0B63OgpJtv7RqtCWHiEZuOzoKyVRQtBgKwd7lZDTAD59TcYYzdm4ya"
2026-10-06 12:10:00,a02e5078-df7c-49da-91d8-3149b5bde589,gagal_buka,,,"backend=0 tidak berhasil membuka URL; HTTP 429, content-type=text/html, final_url=https://panel.jastrak.id/api/video-stream?token=1mZpgjc3jeThQ1KzT4iiIZu8MRcotnL6nuxhT75xaAC886GZhozOfaikaPYC3S0c"
2026-10-06 12:10:09,a02e5078-df7c-49da-91d8-3149b5bde589,gagal_buka,,,"backend=0 tidak berhasil membuka URL; HTTP 429, content-type=text/html, final_url=https://panel.jastrak.id/api/video-stream?token=1mZpgjc3jeThQ1KzT4iiIZu8MRcotnL6nuxhT75xaAC886GZhozOfaikaPYC3S0c"
2026-10-06 12:10:20,a02e5078-df7c-49da-91d8-3149b5bde589,gagal_buka,,,"backend=0 tidak berhasil membuka URL; HTTP 429, content-type=text/html, final_url=https://panel.jastrak.id/api/video-stream?token=1mZpgjc3jeThQ1KzT4iiIZu8MRcotnL6nuxhT75xaAC886GZhozOfaikaPYC3S0c"
2026-10-06 12:10:28,a02e5078-df7c-49da-91d8-3149b5bde589,terhubung,,86.1,
2026-10-06 12:10:47,a02e5078-df7c-49da-91d8-3149b5bde589,terputus,19.0,,Stream terputus / frame tidak terbaca
2026-10-06 12:10:54,a02e5078-df7c-49da-91d8-3149b5bde589,gagal_buka,,,"backend=0 tidak berhasil membuka URL; HTTP 429, content-type=text/html, final_url=https://panel.jastrak.id/api/video-stream?token=j9aHchGZQhU1Lf9ZSAFEhH9k1QPxnwmBVqM9pcyFqthPrdIn7xk9cGrklGGDAAPF"
2026-10-06 12:11:05,a02e5078-df7c-49da-91d8-3149b5bde589,gagal_buka,,,"backend=0 tidak berhasil membuka URL; HTTP 429, content-type=text/html, final_url=https://panel.jastrak.id/api/video-stream?token=j9aHchGZQhU1Lf9ZSAFEhH9k1QPxnwmBVqM9pcyFqthPrdIn7xk9cGrklGGDAAPF"
2026-10-06 12:11:14,a02e5078-df7c-49da-91d8-3149b5bde589,gagal_buka,,,"backend=0 tidak berhasil membuka URL; HTTP 429, content-type=text/html, final_url=https://panel.jastrak.id/api/video-stream?token=DiWBB89yqP6hWuOBNLqnyuas25Lb7Njc8QITe9OZ5qXSNDnnyFxgrFE8SZYrR0HX"
2026-10-06 12:11:22,a02e5078-df7c-49da-91d8-3149b5bde589,gagal_buka,,,"backend=0 tidak berhasil membuka URL; HTTP 429, content-type=text/html, final_url=https://panel.jastrak.id/api/video-stream?token=DiWBB89yqP6hWuOBNLqnyuas25Lb7Njc8QITe9OZ5qXSNDnnyFxgrFE8SZYrR0HX"
2026-10-06 12:11:30,a02e5078-df7c-49da-91d8-3149b5bde589,terhubung,,43.8,
2026-10-06 12:51:35,a02e5078-df7c-49da-91d8-3149b5bde589,terhubung,,,
2026-10-06 12:54:02,a02e5078-df7c-49da-91d8-3149b5bde589,terhubung,,,
2026-10-06 12:56:02,a02e5078-df7c-49da-91d8-3149b5bde589,terhubung,,,
2026-10-06 12:57:50,a02e5078-df7c-49da-91d8-3149b5bde589,terputus,107.3,,Stream terputus / frame tidak terbaca
2026-10-06 12:57:57,a02e5078-df7c-49da-91d8-3149b5bde589,gagal_buka,,,"backend=0 tidak berhasil membuka URL; HTTP 429, content-type=text/html, final_url=https://panel.jastrak.id/api/video-stream?token=i1MBUD5QGnu2LCCmVWgxcUXYKGoMhf0QUEBRrN1ksBfGekTxqZmpYl4gCo75b81J"
2026-10-06 12:58:08,a02e5078-df7c-49da-91d8-3149b5bde589,gagal_buka,,,"backend=0 tidak berhasil membuka URL; HTTP 429, content-type=text/html, final_url=https://panel.jastrak.id/api/video-stream?token=i1MBUD5QGnu2LCCmVWgxcUXYKGoMhf0QUEBRrN1ksBfGekTxqZmpYl4gCo75b81J"
2026-10-06 12:58:18,a02e5078-df7c-49da-91d8-3149b5bde589,gagal_buka,,,"backend=0 tidak berhasil membuka URL; HTTP 429, content-type=text/html, final_url=https://panel.jastrak.id/api/video-stream?token=FXGW5bzUXs2qNgD1ecafgvhPrbfP3Ec2pZXb2TfmuQtxLeTY7oAS0SxP8cJVSlcJ"
2026-10-06 12:58:26,a02e5078-df7c-49da-91d8-3149b5bde589,gagal_buka,,,"backend=0 tidak berhasil membuka URL; HTTP 429, content-type=text/html, final_url=https://panel.jastrak.id/api/video-stream?token=FXGW5bzUXs2qNgD1ecafgvhPrbfP3Ec2pZXb2TfmuQtxLeTY7oAS0SxP8cJVSlcJ"
2026-10-06 12:58:35,a02e5078-df7c-49da-91d8-3149b5bde589,terhubung,,45.2,
2026-10-06 12:59:26,a02e5078-df7c-49da-91d8-3149b5bde589,terputus,51.0,,Stream terputus / frame tidak terbaca
2026-10-06 12:59:33,a02e5078-df7c-49da-91d8-3149b5bde589,gagal_buka,,,"backend=0 tidak berhasil membuka URL; HTTP 401, content-type=application/json, final_url=https://panel.jastrak.id/api/video-stream?token=FXGW5bzUXs2qNgD1ecafgvhPrbfP3Ec2pZXb2TfmuQtxLeTY7oAS0SxP8cJVSlcJ"
2026-10-06 12:59:44,a02e5078-df7c-49da-91d8-3149b5bde589,gagal_buka,,,"backend=0 tidak berhasil membuka URL; HTTP 429, content-type=text/html, final_url=https://panel.jastrak.id/api/video-stream?token=FXGW5bzUXs2qNgD1ecafgvhPrbfP3Ec2pZXb2TfmuQtxLeTY7oAS0SxP8cJVSlcJ"
2026-10-06 12:59:54,a02e5078-df7c-49da-91d8-3149b5bde589,gagal_buka,,,"backend=0 tidak berhasil membuka URL; HTTP 429, content-type=text/html, final_url=https://panel.jastrak.id/api/video-stream?token=QDZP7BFVnNpr6X7wVTuMqwk0luYjfpGraPNMO5CEjAZIarkkotM2Xl358SHNJBZw"
2026-10-06 13:00:02,a02e5078-df7c-49da-91d8-3149b5bde589,gagal_buka,,,"backend=0 tidak berhasil membuka URL; HTTP 429, content-type=text/html, final_url=https://panel.jastrak.id/api/video-stream?token=QDZP7BFVnNpr6X7wVTuMqwk0luYjfpGraPNMO5CEjAZIarkkotM2Xl358SHNJBZw"
2026-10-06 13:00:13,a02e5078-df7c-49da-91d8-3149b5bde589,gagal_buka,,,"backend=0 tidak berhasil membuka URL; HTTP 429, content-type=text/html, final_url=https://panel.jastrak.id/api/video-stream?token=QDZP7BFVnNpr6X7wVTuMqwk0luYjfpGraPNMO5CEjAZIarkkotM2Xl358SHNJBZw"
2026-10-06 13:00:22,a02e5078-df7c-49da-91d8-3149b5bde589,gagal_buka,,,"backend=0 tidak berhasil membuka URL; HTTP 429, content-type=text/html, final_url=https://panel.jastrak.id/api/video-stream?token=m9pjc9OMs2DMru1fFxgoO3gESXMXWjdE34mqGCRne23SXem5ZR6jGVInETck8VTK"
2026-10-06 13:00:30,a02e5078-df7c-49da-91d8-3149b5bde589,gagal_buka,,,"backend=0 tidak berhasil membuka URL; HTTP 429, content-type=text/html, final_url=https://panel.jastrak.id/api/video-stream?token=m9pjc9OMs2DMru1fFxgoO3gESXMXWjdE34mqGCRne23SXem5ZR6jGVInETck8VTK"
2026-10-06 13:00:39,a02e5078-df7c-49da-91d8-3149b5bde589,terhubung,,73.3,
2026-10-06 13:01:16,a02e5078-df7c-49da-91d8-3149b5bde589,terputus,36.5,,Stream terputus / frame tidak terbaca
2026-10-06 13:01:23,a02e5078-df7c-49da-91d8-3149b5bde589,gagal_buka,,,"backend=0 tidak berhasil membuka URL; HTTP 429, content-type=text/html, final_url=https://panel.jastrak.id/api/video-stream?token=m9pjc9OMs2DMru1fFxgoO3gESXMXWjdE34mqGCRne23SXem5ZR6jGVInETck8VTK"
2026-10-06 13:01:34,a02e5078-df7c-49da-91d8-3149b5bde589,gagal_buka,,,"backend=0 tidak berhasil membuka URL; HTTP 401, content-type=application/json, final_url=https://panel.jastrak.id/api/video-stream?token=m9pjc9OMs2DMru1fFxgoO3gESXMXWjdE34mqGCRne23SXem5ZR6jGVInETck8VTK"
2026-10-06 13:01:41,a02e5078-df7c-49da-91d8-3149b5bde589,terhubung,,25.5,
2026-10-06 13:26:47,a02e5078-df7c-49da-91d8-3149b5bde589,terhubung,,,
2026-10-06 13:30:44,a02e5078-df7c-49da-91d8-3149b5bde589,refresh_terjadwal,236.9,,
2026-10-06 13:30:48,a02e5078-df7c-49da-91d8-3149b5bde589,terhubung,,4.2,
2026-10-06 13:31:50,a02e5078-df7c-49da-91d8-3149b5bde589,terputus,61.5,,Stream terputus / frame tidak terbaca
2026-10-06 13:31:57,a02e5078-df7c-49da-91d8-3149b5bde589,gagal_buka,,,"backend=0 tidak berhasil membuka URL; HTTP 429, content-type=text/html, final_url=https://panel.jastrak.id/api/video-stream?token=NQmbRSlyso6dkc42hmHl8vBn2ZieCxZppAjlRZnoOhzH7vEzNw4LUt7sbrus4TpL"
2026-10-06 13:32:08,a02e5078-df7c-49da-91d8-3149b5bde589,gagal_buka,,,"backend=0 tidak berhasil membuka URL; HTTP 429, content-type=text/html, final_url=https://panel.jastrak.id/api/video-stream?token=NQmbRSlyso6dkc42hmHl8vBn2ZieCxZppAjlRZnoOhzH7vEzNw4LUt7sbrus4TpL"
2026-10-06 13:32:18,a02e5078-df7c-49da-91d8-3149b5bde589,gagal_buka,,,"backend=0 tidak berhasil membuka URL; HTTP 429, content-type=text/html, final_url=https://panel.jastrak.id/api/video-stream?token=kmp3HtOaDDeU49n4F9Q2xBFoLFY5gguFXlk6dMwui6kBqEIcSrqZeevHKmUGyf2q"
2026-10-06 13:32:26,a02e5078-df7c-49da-91d8-3149b5bde589,gagal_buka,,,"backend=0 tidak berhasil membuka URL; HTTP 429, content-type=text/html, final_url=https://panel.jastrak.id/api/video-stream?token=kmp3HtOaDDeU49n4F9Q2xBFoLFY5gguFXlk6dMwui6kBqEIcSrqZeevHKmUGyf2q"
2026-10-06 13:32:37,a02e5078-df7c-49da-91d8-3149b5bde589,gagal_buka,,,"backend=0 tidak berhasil membuka URL; HTTP 429, content-type=text/html, final_url=https://panel.jastrak.id/api/video-stream?token=kmp3HtOaDDeU49n4F9Q2xBFoLFY5gguFXlk6dMwui6kBqEIcSrqZeevHKmUGyf2q"
2026-10-06 13:32:47,a02e5078-df7c-49da-91d8-3149b5bde589,gagal_buka,,,"backend=0 tidak berhasil membuka URL; HTTP 429, content-type=text/html, final_url=https://panel.jastrak.id/api/video-stream?token=avbjGMTHRuOyDflSmHuqykthWUDRNvyWaloNThZPne1Vgsuc0zCmqJ9J0pBuIRRs"
2026-10-06 13:32:58,a02e5078-df7c-49da-91d8-3149b5bde589,gagal_buka,,,"backend=0 tidak berhasil membuka URL; HTTP 401, content-type=application/json, final_url=https://panel.jastrak.id/api/video-stream?token=avbjGMTHRuOyDflSmHuqykthWUDRNvyWaloNThZPne1Vgsuc0zCmqJ9J0pBuIRRs"
2026-10-06 13:33:09,a02e5078-df7c-49da-91d8-3149b5bde589,gagal_buka,,,"backend=0 tidak berhasil membuka URL; HTTP 429, content-type=text/html, final_url=https://panel.jastrak.id/api/video-stream?token=avbjGMTHRuOyDflSmHuqykthWUDRNvyWaloNThZPne1Vgsuc0zCmqJ9J0pBuIRRs"
2026-10-06 13:33:18,a02e5078-df7c-49da-91d8-3149b5bde589,gagal_buka,,,"backend=0 tidak berhasil membuka URL; HTTP 429, content-type=text/html, final_url=https://panel.jastrak.id/api/video-stream?token=un9ih69uCdYeJ919RCmTSB0LxCjjbIuJZs2r4D92qI5Qr5Sqa0SWYXCQgfaPtIYg"
2026-10-06 13:33:26,a02e5078-df7c-49da-91d8-3149b5bde589,gagal_buka,,,"backend=0 tidak berhasil membuka URL; HTTP 429, content-type=text/html, final_url=https://panel.jastrak.id/api/video-stream?token=un9ih69uCdYeJ919RCmTSB0LxCjjbIuJZs2r4D92qI5Qr5Sqa0SWYXCQgfaPtIYg"
2026-10-06 13:33:37,a02e5078-df7c-49da-91d8-3149b5bde589,gagal_buka,,,"backend=0 tidak berhasil membuka URL; HTTP 429, content-type=text/html, final_url=https://panel.jastrak.id/api/video-stream?token=un9ih69uCdYeJ919RCmTSB0LxCjjbIuJZs2r4D92qI5Qr5Sqa0SWYXCQgfaPtIYg"
2026-10-06 13:33:47,a02e5078-df7c-49da-91d8-3149b5bde589,gagal_buka,,,"backend=0 tidak berhasil membuka URL; HTTP 429, content-type=text/html, final_url=https://panel.jastrak.id/api/video-stream?token=3BrGtCiZW3iawd4uRH7JnvRyTIRLiZE2XfIXi6X6I7pxHUPmEDJkLcaE16H09MFt"
2026-10-06 13:33:56,a02e5078-df7c-49da-91d8-3149b5bde589,terhubung,,126.7,
