ID,NOP,CCTV_ID,NAMA_OP,ALAMAT_OP,WILAYAH_PAJAK,WAKTU_MASUK,JENIS_KEND,PLAT_NO,WAKTU_KELUAR,DIRECTION,LOG,IMAGE_URL,VENDOR
1,357803001190703416,SBYBAP-CAM-A008-A,MIE GACOAN MARGOREJO,MARGOREJO INDAH BLOK A NO.804,-,2026-10-06 10:43:49,MOTOR,-,2026-10-06 10:43:49,IN,SUKSES,-,BAPENDA
2,357803001190703416,SBYBAP-CAM-A008-A,MIE GACOAN MARGOREJO,MARGOREJO INDAH BLOK A NO.804,-,2026-10-06 10:44:06,MOTOR,-,2026-10-06 10:44:06,IN,SUKSES,-,BAPENDA
3,357803001190703416,SBYBAP-CAM-A008-A,MIE GACOAN MARGOREJO,MARGOREJO INDAH BLOK A NO.804,-,2026-10-06 10:44:35,MOTOR,-,2026-10-06 10:44:35,IN,SUKSES,-,BAPENDA
4,357803001190703416,SBYBAP-CAM-A008-A,MIE GACOAN MARGOREJO,MARGOREJO INDAH BLOK A NO.804,-,2026-10-06 10:47:16,MOTOR,-,2026-10-06 10:47:16,IN,SUKSES,-,BAPENDA
5,357803001190703416,SBYBAP-CAM-A008-A,MIE GACOAN MARGOREJO,MARGOREJO INDAH BLOK A NO.804,-,2026-10-06 10:48:15,MOTOR,-,2026-10-06 10:48:15,IN,SUKSES,-,BAPENDA
6,357803001190703416,SBYBAP-CAM-A008-A,MIE GACOAN MARGOREJO,MARGOREJO INDAH BLOK A NO.804,-,2026-10-06 10:50:07,MOTOR,-,2026-10-06 10:50:07,IN,SUKSES,-,BAPENDA
7,357803001190703416,SBYBAP-CAM-A008-A,MIE GACOAN MARGOREJO,MARGOREJO INDAH BLOK A NO.804,-,2026-10-06 10:51:40,MOTOR,-,2026-10-06 10:51:40,IN,SUKSES,-,BAPENDA
8,357803001190703416,SBYBAP-CAM-A008-A,MIE GACOAN MARGOREJO,MARGOREJO INDAH BLOK A NO.804,-,2026-10-06 10:57:03,MOTOR,-,2026-10-06 10:57:03,IN,SUKSES,-,BAPENDA
9,357803001190703416,SBYBAP-CAM-A008-A,MIE GACOAN MARGOREJO,MARGOREJO INDAH BLOK A NO.804,-,2026-10-06 10:57:28,MOTOR,-,2026-10-06 10:57:28,IN,SUKSES,-,BAPENDA
10,357803001190703416,SBYBAP-CAM-A008-A,MIE GACOAN MARGOREJO,MARGOREJO INDAH BLOK A NO.804,-,2026-10-06 10:57:36,MOTOR,-,2026-10-06 10:57:36,IN,SUKSES,-,BAPENDA
11,357803001190703416,SBYBAP-CAM-A008-A,MIE GACOAN MARGOREJO,MARGOREJO INDAH BLOK A NO.804,-,2026-10-06 11:00:51,MOTOR,-,2026-10-06 11:00:51,IN,SUKSES,-,BAPENDA
12,357803001190703416,SBYBAP-CAM-A008-A,MIE GACOAN MARGOREJO,MARGOREJO INDAH BLOK A NO.804,-,2026-10-06 11:01:19,MOTOR,-,2026-10-06 11:01:19,IN,SUKSES,-,BAPENDA
13,357803001190703416,SBYBAP-CAM-A008-A,MIE GACOAN MARGOREJO,MARGOREJO INDAH BLOK A NO.804,-,2026-10-06 11:01:29,MOTOR,-,2026-10-06 11:01:29,IN,SUKSES,-,BAPENDA
14,357803001190703416,SBYBAP-CAM-A008-A,MIE GACOAN MARGOREJO,MARGOREJO INDAH BLOK A NO.804,-,2026-10-06 11:01:46,MOTOR,-,2026-10-06 11:01:46,IN,SUKSES,-,BAPENDA
15,357803001190703416,SBYBAP-CAM-A008-A,MIE GACOAN MARGOREJO,MARGOREJO INDAH BLOK A NO.804,-,2026-10-06 11:01:47,MOTOR,-,2026-10-06 11:01:47,IN,SUKSES,-,BAPENDA
16,357803001190703416,SBYBAP-CAM-A008-A,MIE GACOAN MARGOREJO,MARGOREJO INDAH BLOK A NO.804,-,2026-10-06 11:03:35,MOTOR,-,2026-10-06 11:03:35,IN,SUKSES,-,BAPENDA
17,357803001190703416,SBYBAP-CAM-A008-A,MIE GACOAN MARGOREJO,MARGOREJO INDAH BLOK A NO.804,-,2026-10-06 11:03:55,MOTOR,-,2026-10-06 11:03:55,IN,SUKSES,-,BAPENDA
18,357803001190703416,SBYBAP-CAM-A008-A,MIE GACOAN MARGOREJO,MARGOREJO INDAH BLOK A NO.804,-,2026-10-06 11:06:17,MOTOR,-,2026-10-06 11:06:17,IN,SUKSES,-,BAPENDA
19,357803001190703416,SBYBAP-CAM-A008-A,MIE GACOAN MARGOREJO,MARGOREJO INDAH BLOK A NO.804,-,2026-10-06 11:06:37,MOBIL,-,2026-10-06 11:06:37,IN,SUKSES,-,BAPENDA
20,357803001190703416,SBYBAP-CAM-A008-A,MIE GACOAN MARGOREJO,MARGOREJO INDAH BLOK A NO.804,-,2026-10-06 11:07:35,MOTOR,-,2026-10-06 11:07:35,IN,SUKSES,-,BAPENDA
21,357803001190703416,SBYBAP-CAM-A008-A,MIE GACOAN MARGOREJO,MARGOREJO INDAH BLOK A NO.804,-,2026-10-06 11:07:46,MOTOR,-,2026-10-06 11:07:46,IN,SUKSES,-,BAPENDA
22,357803001190703416,SBYBAP-CAM-A008-A,MIE GACOAN MARGOREJO,MARGOREJO INDAH BLOK A NO.804,-,2026-10-06 11:07:51,MOTOR,-,2026-10-06 11:07:51,IN,SUKSES,-,BAPENDA
23,357803001190703416,SBYBAP-CAM-A008-A,MIE GACOAN MARGOREJO,MARGOREJO INDAH BLOK A NO.804,-,2026-10-06 11:08:25,MOTOR,-,2026-10-06 11:08:25,IN,SUKSES,-,BAPENDA
24,357803001190703416,SBYBAP-CAM-A008-A,MIE GACOAN MARGOREJO,MARGOREJO INDAH BLOK A NO.804,-,2026-10-06 11:08:58,MOTOR,-,2026-10-06 11:08:58,IN,SUKSES,-,BAPENDA
25,357803001190703416,SBYBAP-CAM-A008-A,MIE GACOAN MARGOREJO,MARGOREJO INDAH BLOK A NO.804,-,2026-10-06 11:18:03,MOTOR,-,2026-10-06 11:18:03,IN,SUKSES,-,BAPENDA
26,357803001190703416,SBYBAP-CAM-A008-A,MIE GACOAN MARGOREJO,MARGOREJO INDAH BLOK A NO.804,-,2026-10-06 11:18:34,MOTOR,-,2026-10-06 11:18:34,IN,SUKSES,-,BAPENDA
27,357803001190703416,SBYBAP-CAM-A008-A,MIE GACOAN MARGOREJO,MARGOREJO INDAH BLOK A NO.804,-,2026-10-06 11:24:57,MOTOR,-,2026-10-06 11:24:57,IN,SUKSES,-,BAPENDA
28,357803001190703416,SBYBAP-CAM-A008-A,MIE GACOAN MARGOREJO,MARGOREJO INDAH BLOK A NO.804,-,2026-10-06 11:27:01,MOTOR,-,2026-10-06 11:27:01,IN,SUKSES,-,BAPENDA
29,357803001190703416,SBYBAP-CAM-A008-A,MIE GACOAN MARGOREJO,MARGOREJO INDAH BLOK A NO.804,-,2026-10-06 11:29:00,MOTOR,-,2026-10-06 11:29:00,IN,SUKSES,-,BAPENDA
30,357803001190703416,SBYBAP-CAM-A008-A,MIE GACOAN MARGOREJO,MARGOREJO INDAH BLOK A NO.804,-,2026-10-06 11:31:02,MOTOR,-,2026-10-06 11:31:02,IN,SUKSES,-,BAPENDA
31,357803001190703416,SBYBAP-CAM-A008-A,MIE GACOAN MARGOREJO,MARGOREJO INDAH BLOK A NO.804,-,2026-10-06 11:35:08,MOTOR,-,2026-10-06 11:35:08,IN,SUKSES,-,BAPENDA
32,357803001190703416,SBYBAP-CAM-A008-A,MIE GACOAN MARGOREJO,MARGOREJO INDAH BLOK A NO.804,-,2026-10-06 11:40:54,MOTOR,-,2026-10-06 11:40:54,IN,SUKSES,-,BAPENDA
33,357803001190703416,SBYBAP-CAM-A008-A,MIE GACOAN MARGOREJO,MARGOREJO INDAH BLOK A NO.804,-,2026-10-06 11:42:45,MOTOR,-,2026-10-06 11:42:45,IN,SUKSES,-,BAPENDA
34,357803001190703416,SBYBAP-CAM-A008-A,MIE GACOAN MARGOREJO,MARGOREJO INDAH BLOK A NO.804,-,2026-10-06 11:44:17,MOTOR,-,2026-10-06 11:44:17,IN,SUKSES,-,BAPENDA
35,357803001190703416,SBYBAP-CAM-A008-A,MIE GACOAN MARGOREJO,MARGOREJO INDAH BLOK A NO.804,-,2026-10-06 11:44:29,MOTOR,-,2026-10-06 11:44:29,IN,SUKSES,-,BAPENDA
36,357803001190703416,SBYBAP-CAM-A008-A,MIE GACOAN MARGOREJO,MARGOREJO INDAH BLOK A NO.804,-,2026-10-06 11:44:54,MOTOR,-,2026-10-06 11:44:54,IN,SUKSES,-,BAPENDA
37,357803001190703416,SBYBAP-CAM-A008-A,MIE GACOAN MARGOREJO,MARGOREJO INDAH BLOK A NO.804,-,2026-10-06 11:45:09,MOTOR,-,2026-10-06 11:45:09,IN,SUKSES,-,BAPENDA
38,357803001190703416,SBYBAP-CAM-A008-A,MIE GACOAN MARGOREJO,MARGOREJO INDAH BLOK A NO.804,-,2026-10-06 11:45:38,MOTOR,-,2026-10-06 11:45:38,IN,SUKSES,-,BAPENDA
39,357803001190703416,SBYBAP-CAM-A008-A,MIE GACOAN MARGOREJO,MARGOREJO INDAH BLOK A NO.804,-,2026-10-06 11:46:43,MOTOR,-,2026-10-06 11:46:43,IN,SUKSES,-,BAPENDA
40,357803001190703416,SBYBAP-CAM-A008-A,MIE GACOAN MARGOREJO,MARGOREJO INDAH BLOK A NO.804,-,2026-10-06 11:49:30,MOTOR,-,2026-10-06 11:49:30,IN,SUKSES,-,BAPENDA
41,357803001190703416,SBYBAP-CAM-A008-A,MIE GACOAN MARGOREJO,MARGOREJO INDAH BLOK A NO.804,-,2026-10-06 11:49:34,MOTOR,-,2026-10-06 11:49:34,IN,SUKSES,-,BAPENDA
42,357803001190703416,SBYBAP-CAM-A008-A,MIE GACOAN MARGOREJO,MARGOREJO INDAH BLOK A NO.804,-,2026-10-06 11:52:16,MOTOR,-,2026-10-06 11:52:16,IN,SUKSES,-,BAPENDA
43,357803001190703416,SBYBAP-CAM-A008-A,MIE GACOAN MARGOREJO,MARGOREJO INDAH BLOK A NO.804,-,2026-10-06 11:54:40,MOTOR,-,2026-10-06 11:54:40,IN,SUKSES,-,BAPENDA
44,357803001190703416,SBYBAP-CAM-A008-A,MIE GACOAN MARGOREJO,MARGOREJO INDAH BLOK A NO.804,-,2026-10-06 11:54:40,MOTOR,-,2026-10-06 11:54:40,IN,SUKSES,-,BAPENDA
45,357803001190703416,SBYBAP-CAM-A008-A,MIE GACOAN MARGOREJO,MARGOREJO INDAH BLOK A NO.804,-,2026-10-06 11:55:16,MOTOR,-,2026-10-06 11:55:16,IN,SUKSES,-,BAPENDA
46,357803001190703416,SBYBAP-CAM-A008-A,MIE GACOAN MARGOREJO,MARGOREJO INDAH BLOK A NO.804,-,2026-10-06 11:56:15,MOTOR,-,2026-10-06 11:56:15,IN,SUKSES,-,BAPENDA
47,357803001190703416,SBYBAP-CAM-A008-A,MIE GACOAN MARGOREJO,MARGOREJO INDAH BLOK A NO.804,-,2026-10-06 11:56:33,MOTOR,-,2026-10-06 11:56:33,IN,SUKSES,-,BAPENDA
48,357803001190703416,SBYBAP-CAM-A008-A,MIE GACOAN MARGOREJO,MARGOREJO INDAH BLOK A NO.804,-,2026-10-06 11:56:35,MOTOR,-,2026-10-06 11:56:35,IN,SUKSES,-,BAPENDA
49,357803001190703416,SBYBAP-CAM-A008-A,MIE GACOAN MARGOREJO,MARGOREJO INDAH BLOK A NO.804,-,2026-10-06 11:57:18,MOTOR,-,2026-10-06 11:57:18,IN,SUKSES,-,BAPENDA
50,357803001190703416,SBYBAP-CAM-A008-A,MIE GACOAN MARGOREJO,MARGOREJO INDAH BLOK A NO.804,-,2026-10-06 11:57:57,MOTOR,-,2026-10-06 11:57:57,IN,SUKSES,-,BAPENDA
51,357803001190703416,SBYBAP-CAM-A008-A,MIE GACOAN MARGOREJO,MARGOREJO INDAH BLOK A NO.804,-,2026-10-06 11:58:40,MOBIL,-,2026-10-06 11:58:40,IN,SUKSES,-,BAPENDA
52,357803001190703416,SBYBAP-CAM-A008-A,MIE GACOAN MARGOREJO,MARGOREJO INDAH BLOK A NO.804,-,2026-10-06 11:59:24,MOTOR,-,2026-10-06 11:59:24,IN,SUKSES,-,BAPENDA
53,357803001190703416,SBYBAP-CAM-A008-A,MIE GACOAN MARGOREJO,MARGOREJO INDAH BLOK A NO.804,-,2026-10-06 12:00:20,MOTOR,-,2026-10-06 12:00:20,IN,SUKSES,-,BAPENDA
54,357803001190703416,SBYBAP-CAM-A008-A,MIE GACOAN MARGOREJO,MARGOREJO INDAH BLOK A NO.804,-,2026-10-06 12:00:50,MOTOR,-,2026-10-06 12:00:50,IN,SUKSES,-,BAPENDA
55,357803001190703416,SBYBAP-CAM-A008-A,MIE GACOAN MARGOREJO,MARGOREJO INDAH BLOK A NO.804,-,2026-10-06 12:00:50,MOTOR,-,2026-10-06 12:00:50,IN,SUKSES,-,BAPENDA
56,357803001190703416,SBYBAP-CAM-A008-A,MIE GACOAN MARGOREJO,MARGOREJO INDAH BLOK A NO.804,-,2026-10-06 12:01:56,MOBIL,-,2026-10-06 12:01:56,IN,SUKSES,-,BAPENDA
57,357803001190703416,SBYBAP-CAM-A008-A,MIE GACOAN MARGOREJO,MARGOREJO INDAH BLOK A NO.804,-,2026-10-06 12:02:10,MOTOR,-,2026-10-06 12:02:10,IN,SUKSES,-,BAPENDA
58,357803001190703416,SBYBAP-CAM-A008-A,MIE GACOAN MARGOREJO,MARGOREJO INDAH BLOK A NO.804,-,2026-10-06 12:02:12,MOTOR,-,2026-10-06 12:02:12,IN,SUKSES,-,BAPENDA
59,357803001190703416,SBYBAP-CAM-A008-A,MIE GACOAN MARGOREJO,MARGOREJO INDAH BLOK A NO.804,-,2026-10-06 12:02:23,MOTOR,-,2026-10-06 12:02:23,IN,SUKSES,-,BAPENDA
60,357803001190703416,SBYBAP-CAM-A008-A,MIE GACOAN MARGOREJO,MARGOREJO INDAH BLOK A NO.804,-,2026-10-06 12:02:25,MOTOR,-,2026-10-06 12:02:25,IN,SUKSES,-,BAPENDA
61,357803001190703416,SBYBAP-CAM-A008-A,MIE GACOAN MARGOREJO,MARGOREJO INDAH BLOK A NO.804,-,2026-10-06 12:02:30,MOTOR,-,2026-10-06 12:02:30,IN,SUKSES,-,BAPENDA
62,357803001190703416,SBYBAP-CAM-A008-A,MIE GACOAN MARGOREJO,MARGOREJO INDAH BLOK A NO.804,-,2026-10-06 12:02:39,MOTOR,-,2026-10-06 12:02:39,IN,SUKSES,-,BAPENDA
63,357803001190703416,SBYBAP-CAM-A008-A,MIE GACOAN MARGOREJO,MARGOREJO INDAH BLOK A NO.804,-,2026-10-06 12:02:51,MOTOR,-,2026-10-06 12:02:51,IN,SUKSES,-,BAPENDA
64,357803001190703416,SBYBAP-CAM-A008-A,MIE GACOAN MARGOREJO,MARGOREJO INDAH BLOK A NO.804,-,2026-10-06 12:03:01,MOTOR,-,2026-10-06 12:03:01,IN,SUKSES,-,BAPENDA
65,357803001190703416,SBYBAP-CAM-A008-A,MIE GACOAN MARGOREJO,MARGOREJO INDAH BLOK A NO.804,-,2026-10-06 12:03:02,MOTOR,-,2026-10-06 12:03:02,IN,SUKSES,-,BAPENDA
66,357803001190703416,SBYBAP-CAM-A008-A,MIE GACOAN MARGOREJO,MARGOREJO INDAH BLOK A NO.804,-,2026-10-06 12:03:19,MOTOR,-,2026-10-06 12:03:19,IN,SUKSES,-,BAPENDA
67,357803001190703416,SBYBAP-CAM-A008-A,MIE GACOAN MARGOREJO,MARGOREJO INDAH BLOK A NO.804,-,2026-10-06 12:03:23,MOTOR,-,2026-10-06 12:03:23,IN,SUKSES,-,BAPENDA
68,357803001190703416,SBYBAP-CAM-A008-A,MIE GACOAN MARGOREJO,MARGOREJO INDAH BLOK A NO.804,-,2026-10-06 12:03:46,MOTOR,-,2026-10-06 12:03:46,IN,SUKSES,-,BAPENDA
69,357803001190703416,SBYBAP-CAM-A008-A,MIE GACOAN MARGOREJO,MARGOREJO INDAH BLOK A NO.804,-,2026-10-06 12:06:35,MOTOR,-,2026-10-06 12:06:35,IN,SUKSES,-,BAPENDA
70,357803001190703416,SBYBAP-CAM-A008-A,MIE GACOAN MARGOREJO,MARGOREJO INDAH BLOK A NO.804,-,2026-10-06 12:08:37,MOTOR,-,2026-10-06 12:08:37,IN,SUKSES,-,BAPENDA
71,357803001190703416,SBYBAP-CAM-A008-A,MIE GACOAN MARGOREJO,MARGOREJO INDAH BLOK A NO.804,-,2026-10-06 12:12:25,MOTOR,-,2026-10-06 12:12:25,IN,SUKSES,-,BAPENDA
72,357803001190703416,SBYBAP-CAM-A008-A,MIE GACOAN MARGOREJO,MARGOREJO INDAH BLOK A NO.804,-,2026-10-06 12:13:30,MOTOR,-,2026-10-06 12:13:30,IN,SUKSES,-,BAPENDA
73,357803001190703416,SBYBAP-CAM-A008-A,MIE GACOAN MARGOREJO,MARGOREJO INDAH BLOK A NO.804,-,2026-10-06 12:13:35,MOTOR,-,2026-10-06 12:13:35,IN,SUKSES,-,BAPENDA
74,357803001190703416,SBYBAP-CAM-A008-A,MIE GACOAN MARGOREJO,MARGOREJO INDAH BLOK A NO.804,-,2026-10-06 12:14:05,MOTOR,-,2026-10-06 12:14:05,IN,SUKSES,-,BAPENDA
75,357803001190703416,SBYBAP-CAM-A008-A,MIE GACOAN MARGOREJO,MARGOREJO INDAH BLOK A NO.804,-,2026-10-06 12:14:13,MOTOR,-,2026-10-06 12:14:13,IN,SUKSES,-,BAPENDA
76,357803001190703416,SBYBAP-CAM-A008-A,MIE GACOAN MARGOREJO,MARGOREJO INDAH BLOK A NO.804,-,2026-10-06 12:52:23,MOTOR,-,2026-10-06 12:52:23,IN,SUKSES,-,BAPENDA
77,357803001190703416,SBYBAP-CAM-A008-A,MIE GACOAN MARGOREJO,MARGOREJO INDAH BLOK A NO.804,-,2026-10-06 12:52:54,MOTOR,-,2026-10-06 12:52:54,IN,SUKSES,-,BAPENDA
78,357803001190703416,SBYBAP-CAM-A008-A,MIE GACOAN MARGOREJO,MARGOREJO INDAH BLOK A NO.804,-,2026-10-06 12:52:57,MOTOR,-,2026-10-06 12:52:57,IN,SUKSES,-,BAPENDA
79,357803001190703416,SBYBAP-CAM-A008-A,MIE GACOAN MARGOREJO,MARGOREJO INDAH BLOK A NO.804,-,2026-10-06 12:55:02,MOTOR,-,2026-10-06 12:55:02,IN,SUKSES,-,BAPENDA
80,357803001190703416,SBYBAP-CAM-A008-A,MIE GACOAN MARGOREJO,MARGOREJO INDAH BLOK A NO.804,-,2026-10-06 13:00:45,MOTOR,-,2026-10-06 13:00:45,IN,SUKSES,-,BAPENDA
81,357803001190703416,SBYBAP-CAM-A008-A,MIE GACOAN MARGOREJO,MARGOREJO INDAH BLOK A NO.804,-,2026-10-06 13:00:49,MOTOR,-,2026-10-06 13:00:49,IN,SUKSES,-,BAPENDA
82,357803001190703416,SBYBAP-CAM-A008-A,MIE GACOAN MARGOREJO,MARGOREJO INDAH BLOK A NO.804,-,2026-10-06 13:01:46,MOTOR,-,2026-10-06 13:01:46,IN,SUKSES,-,BAPENDA
83,357803001190703416,SBYBAP-CAM-A008-A,MIE GACOAN MARGOREJO,MARGOREJO INDAH BLOK A NO.804,-,2026-10-06 13:01:54,MOTOR,-,2026-10-06 13:01:54,IN,SUKSES,-,BAPENDA
84,357803001190703416,SBYBAP-CAM-A008-A,MIE GACOAN MARGOREJO,MARGOREJO INDAH BLOK A NO.804,-,2026-10-06 13:02:06,MOTOR,-,2026-10-06 13:02:06,IN,SUKSES,-,BAPENDA
85,357803001190703416,SBYBAP-CAM-A008-A,MIE GACOAN MARGOREJO,MARGOREJO INDAH BLOK A NO.804,-,2026-10-06 13:02:14,MOTOR,-,2026-10-06 13:02:14,IN,SUKSES,-,BAPENDA
86,357803001190703416,SBYBAP-CAM-A008-A,MIE GACOAN MARGOREJO,MARGOREJO INDAH BLOK A NO.804,-,2026-10-06 13:02:37,MOTOR,-,2026-10-06 13:02:37,IN,SUKSES,-,BAPENDA
87,357803001190703416,SBYBAP-CAM-A008-A,MIE GACOAN MARGOREJO,MARGOREJO INDAH BLOK A NO.804,-,2026-10-06 13:02:46,MOTOR,-,2026-10-06 13:02:46,IN,SUKSES,-,BAPENDA
88,357803001190703416,SBYBAP-CAM-A008-A,MIE GACOAN MARGOREJO,MARGOREJO INDAH BLOK A NO.804,-,2026-10-06 13:02:59,MOTOR,-,2026-10-06 13:02:59,IN,SUKSES,-,BAPENDA
89,357803001190703416,SBYBAP-CAM-A008-A,MIE GACOAN MARGOREJO,MARGOREJO INDAH BLOK A NO.804,-,2026-10-06 13:28:11,MOTOR,-,2026-10-06 13:28:11,IN,SUKSES,-,BAPENDA
90,357803001190703416,SBYBAP-CAM-A008-A,MIE GACOAN MARGOREJO,MARGOREJO INDAH BLOK A NO.804,-,2026-10-06 13:29:11,MOTOR,-,2026-10-06 13:29:11,IN,SUKSES,-,BAPENDA
91,357803001190703416,SBYBAP-CAM-A008-A,MIE GACOAN MARGOREJO,MARGOREJO INDAH BLOK A NO.804,-,2026-10-06 13:29:21,MOTOR,-,2026-10-06 13:29:21,IN,SUKSES,-,BAPENDA
92,357803001190703416,SBYBAP-CAM-A008-A,MIE GACOAN MARGOREJO,MARGOREJO INDAH BLOK A NO.804,-,2026-10-06 13:29:26,MOTOR,-,2026-10-06 13:29:26,IN,SUKSES,-,BAPENDA
93,357803001190703416,SBYBAP-CAM-A008-A,MIE GACOAN MARGOREJO,MARGOREJO INDAH BLOK A NO.804,-,2026-10-06 13:29:43,MOTOR,-,2026-10-06 13:29:43,IN,SUKSES,-,BAPENDA
94,357803001190703416,SBYBAP-CAM-A008-A,MIE GACOAN MARGOREJO,MARGOREJO INDAH BLOK A NO.804,-,2026-10-06 13:30:11,MOTOR,-,2026-10-06 13:30:11,IN,SUKSES,-,BAPENDA
95,357803001190703416,SBYBAP-CAM-A008-A,MIE GACOAN MARGOREJO,MARGOREJO INDAH BLOK A NO.804,-,2026-10-06 13:31:22,MOTOR,-,2026-10-06 13:31:22,IN,SUKSES,-,BAPENDA
96,357803001190703416,SBYBAP-CAM-A008-A,MIE GACOAN MARGOREJO,MARGOREJO INDAH BLOK A NO.804,-,2026-10-06 13:31:25,MOTOR,-,2026-10-06 13:31:25,IN,SUKSES,-,BAPENDA
97,357803001190703416,SBYBAP-CAM-A008-A,MIE GACOAN MARGOREJO,MARGOREJO INDAH BLOK A NO.804,-,2026-10-06 13:31:31,MOTOR,-,2026-10-06 13:31:31,IN,SUKSES,-,BAPENDA
98,357803001190703416,SBYBAP-CAM-A008-A,MIE GACOAN MARGOREJO,MARGOREJO INDAH BLOK A NO.804,-,2026-10-06 13:36:10,MOTOR,-,2026-10-06 13:36:10,IN,SUKSES,-,BAPENDA
