sesi_mulai,waktu,tipe_sumber,id_cctv_atau_url,jumlah_mobil,jumlah_motor,total,manual_mobil,manual_motor,estimasi_lolos_mobil,estimasi_lolos_motor,akurasi_estimasi_persen,stream_uptime_persen,stream_putus_tak_terduga,stream_refresh_terjadwal,skor_keandalan_persen,keterangan
2026-10-06 10:42:52,2026-10-06 10:44:25,jasnita,a02e5078-df7c-49da-91d8-3149b5bde589,0,2,2,0,0,,,,,,,,berkala
2026-10-06 10:42:52,2026-10-06 10:45:25,jasnita,a02e5078-df7c-49da-91d8-3149b5bde589,0,3,3,0,0,,,,,,,,berkala
2026-10-06 10:42:52,2026-10-06 10:47:48,jasnita,a02e5078-df7c-49da-91d8-3149b5bde589,0,4,4,0,0,,,,,,,,berkala
2026-10-06 10:42:52,2026-10-06 10:50:06,jasnita,a02e5078-df7c-49da-91d8-3149b5bde589,0,5,5,0,0,,,,,,,,berkala
2026-10-06 10:42:52,2026-10-06 10:51:09,jasnita,a02e5078-df7c-49da-91d8-3149b5bde589,0,6,6,0,0,,,,,,,,berkala
2026-10-06 10:42:52,2026-10-06 10:53:11,jasnita,a02e5078-df7c-49da-91d8-3149b5bde589,0,7,7,0,0,,,,,,,,berkala
2026-10-06 10:42:52,2026-10-06 10:57:16,jasnita,a02e5078-df7c-49da-91d8-3149b5bde589,0,8,8,0,0,,,,,,,,berkala
2026-10-06 10:42:52,2026-10-06 10:58:16,jasnita,a02e5078-df7c-49da-91d8-3149b5bde589,0,10,10,0,0,,,,,,,,berkala
2026-10-06 10:42:52,2026-10-06 11:01:29,jasnita,a02e5078-df7c-49da-91d8-3149b5bde589,0,12,12,0,0,,,,,,,,berkala
2026-10-06 10:42:52,2026-10-06 11:02:29,jasnita,a02e5078-df7c-49da-91d8-3149b5bde589,0,15,15,0,0,,,,,,,,berkala
2026-10-06 10:42:52,2026-10-06 11:04:29,jasnita,a02e5078-df7c-49da-91d8-3149b5bde589,0,17,17,0,0,,,,,,,,berkala
2026-10-06 10:42:52,2026-10-06 11:06:29,jasnita,a02e5078-df7c-49da-91d8-3149b5bde589,0,18,18,0,0,,,,,,,,berkala
2026-10-06 10:42:52,2026-10-06 11:07:29,jasnita,a02e5078-df7c-49da-91d8-3149b5bde589,1,18,19,0,0,,,,,,,,berkala
2026-10-06 10:42:52,2026-10-06 11:08:29,jasnita,a02e5078-df7c-49da-91d8-3149b5bde589,1,22,23,0,0,,,,,,,,berkala
2026-10-06 10:42:52,2026-10-06 11:16:39,jasnita,a02e5078-df7c-49da-91d8-3149b5bde589,1,23,24,0,0,,,,,,,,berkala
2026-10-06 10:42:52,2026-10-06 11:18:41,jasnita,a02e5078-df7c-49da-91d8-3149b5bde589,1,25,26,0,0,,,,,,,,berkala
2026-10-06 10:42:52,2026-10-06 11:26:52,jasnita,a02e5078-df7c-49da-91d8-3149b5bde589,1,26,27,0,0,,,,,,,,berkala
2026-10-06 10:42:52,2026-10-06 11:27:53,jasnita,a02e5078-df7c-49da-91d8-3149b5bde589,1,27,28,0,0,,,,,,,,berkala
2026-10-06 10:42:52,2026-10-06 11:30:58,jasnita,a02e5078-df7c-49da-91d8-3149b5bde589,1,28,29,0,0,,,,,,,,berkala
2026-10-06 10:42:52,2026-10-06 11:32:03,jasnita,a02e5078-df7c-49da-91d8-3149b5bde589,1,29,30,0,0,,,,,,,,berkala
2026-10-06 10:42:52,2026-10-06 11:36:03,jasnita,a02e5078-df7c-49da-91d8-3149b5bde589,1,30,31,0,0,,,,,,,,berkala
2026-10-06 10:42:52,2026-10-06 11:41:09,jasnita,a02e5078-df7c-49da-91d8-3149b5bde589,1,31,32,0,0,,,,,,,,berkala
2026-10-06 10:42:52,2026-10-06 11:43:10,jasnita,a02e5078-df7c-49da-91d8-3149b5bde589,1,32,33,0,0,,,,,,,,berkala
2026-10-06 10:42:52,2026-10-06 11:45:10,jasnita,a02e5078-df7c-49da-91d8-3149b5bde589,1,36,37,0,0,,,,,,,,berkala
2026-10-06 10:42:52,2026-10-06 11:46:10,jasnita,a02e5078-df7c-49da-91d8-3149b5bde589,1,37,38,0,0,,,,,,,,berkala
2026-10-06 10:42:52,2026-10-06 11:47:10,jasnita,a02e5078-df7c-49da-91d8-3149b5bde589,1,38,39,0,0,,,,,,,,berkala
2026-10-06 10:42:52,2026-10-06 11:51:08,jasnita,a02e5078-df7c-49da-91d8-3149b5bde589,1,40,41,0,0,,,,,,,,berkala
2026-10-06 10:42:52,2026-10-06 11:54:28,jasnita,a02e5078-df7c-49da-91d8-3149b5bde589,1,41,42,0,0,,,,,,,,berkala
2026-10-06 10:42:52,2026-10-06 11:55:28,jasnita,a02e5078-df7c-49da-91d8-3149b5bde589,1,44,45,0,0,,,,,,,,berkala
2026-10-06 10:42:52,2026-10-06 11:56:28,jasnita,a02e5078-df7c-49da-91d8-3149b5bde589,1,45,46,0,0,,,,,,,,berkala
2026-10-06 10:42:52,2026-10-06 11:57:28,jasnita,a02e5078-df7c-49da-91d8-3149b5bde589,1,48,49,0,0,,,,,,,,berkala
2026-10-06 10:42:52,2026-10-06 11:58:28,jasnita,a02e5078-df7c-49da-91d8-3149b5bde589,1,49,50,0,0,,,,,,,,berkala
2026-10-06 10:42:52,2026-10-06 11:59:28,jasnita,a02e5078-df7c-49da-91d8-3149b5bde589,2,50,52,0,0,,,,,,,,berkala
2026-10-06 10:42:52,2026-10-06 12:00:28,jasnita,a02e5078-df7c-49da-91d8-3149b5bde589,2,51,53,0,0,,,,,,,,berkala
2026-10-06 10:42:52,2026-10-06 12:01:28,jasnita,a02e5078-df7c-49da-91d8-3149b5bde589,2,53,55,0,0,,,,,,,,berkala
2026-10-06 10:42:52,2026-10-06 12:02:29,jasnita,a02e5078-df7c-49da-91d8-3149b5bde589,3,57,60,0,0,,,,,,,,berkala
2026-10-06 10:42:52,2026-10-06 12:03:29,jasnita,a02e5078-df7c-49da-91d8-3149b5bde589,3,64,67,0,0,,,,,,,,berkala
2026-10-06 10:42:52,2026-10-06 12:04:29,jasnita,a02e5078-df7c-49da-91d8-3149b5bde589,3,65,68,0,0,,,,,,,,berkala
2026-10-06 10:42:52,2026-10-06 12:06:52,jasnita,a02e5078-df7c-49da-91d8-3149b5bde589,3,66,69,0,0,,,,,,,,berkala
2026-10-06 10:42:52,2026-10-06 12:09:02,jasnita,a02e5078-df7c-49da-91d8-3149b5bde589,3,67,70,0,0,,,,,,,,berkala
2026-10-06 10:42:52,2026-10-06 12:12:31,jasnita,a02e5078-df7c-49da-91d8-3149b5bde589,3,68,71,0,0,,,,,,,,berkala
2026-10-06 10:42:52,2026-10-06 12:13:31,jasnita,a02e5078-df7c-49da-91d8-3149b5bde589,3,69,72,0,0,,,,,,,,berkala
2026-10-06 10:42:52,2026-10-06 12:14:31,jasnita,a02e5078-df7c-49da-91d8-3149b5bde589,3,72,75,0,0,,,,,,,,berkala
2026-10-06 12:51:28,2026-10-06 12:53:04,jasnita,a02e5078-df7c-49da-91d8-3149b5bde589,0,3,3,0,0,,,,,,,,berkala
2026-10-06 12:55:57,2026-10-06 13:01:41,jasnita,a02e5078-df7c-49da-91d8-3149b5bde589,0,2,2,0,0,,,,,,,,berkala
2026-10-06 12:55:57,2026-10-06 13:02:41,jasnita,a02e5078-df7c-49da-91d8-3149b5bde589,0,7,7,0,0,,,,,,,,berkala
2026-10-06 13:26:42,2026-10-06 13:28:37,jasnita,a02e5078-df7c-49da-91d8-3149b5bde589,0,1,1,0,0,,,,,,,,berkala
2026-10-06 13:26:42,2026-10-06 13:29:37,jasnita,a02e5078-df7c-49da-91d8-3149b5bde589,0,4,4,0,0,,,,,,,,berkala
2026-10-06 13:26:42,2026-10-06 13:30:37,jasnita,a02e5078-df7c-49da-91d8-3149b5bde589,0,6,6,0,0,,,,,,,,berkala
2026-10-06 13:26:42,2026-10-06 13:31:50,jasnita,a02e5078-df7c-49da-91d8-3149b5bde589,0,9,9,0,0,,,,,,,,berkala
